Abalos Colles,76.83,288.35,235
Abalos Mensa,81.17,284.4,129
Abalos Scopuli,80.72,283.44,109
Abalos Undae,78.52,272.5,442
Aban,15.91,111.1,4
Abus Vallis,-5.49,212.8,60
Achar,45.43,123.16,5
Acheron Catena,37.47,259.2,421
Acheron Fossae,38.27,224.98,703
Acidalia Colles,50.34,336.91,356
Acidalia Mensa,46.69,334.66,226
Acidalia Planitia,49.76,339.26,3362
Ada,-3.06,356.78,2
Adamas Labyrinthus,35.7,105.12,853
Adams,30.91,163.1,90
Aeolis,-4.94,145.0,0
Aeolis Dorsa,-5.05,152.63,459
Aeolis Mensae,-3.25,140.63,785
Aeolis Mons,-5.08,137.85,88
Aeolis Palus,-4.47,137.42,111
Aeolis Planum,-1.14,144.76,852
Aeolis Serpens,-1.38,149.57,538
Aeria,9.88,50.0,0
Aesacus Dorsum,36.82,153.15,276
Aetheria,39.67,130.0,0
Aethiopis,9.88,130.0,0
Aganippe Fossa,-8.49,234.0,537
Agassiz,-69.88,271.11,108
Airy,-5.14,0.05,43
Airy-0,-5.07,0.0,0
Ajon,16.49,103.14,8
Aki,-35.46,299.76,7
Aktaj,20.41,313.51,5
Alamos,23.48,322.88,6
Alba Catena,35.04,245.42,144
Alba Fossae,49.39,253.18,2072
Alba Mons,41.08,249.29,548
Albany,22.96,310.98,2
Alba Patera,39.53,250.82,65
Albi,-41.47,324.99,9
Albor Fossae,18.09,150.78,155
Albor Tholus,18.87,150.47,158
Alexey Tolstoy,-47.44,125.34,93
Alga,-24.34,333.32,18
Alitus,-34.91,321.86,50
Allegheny Vallis,-9.01,306.1,171
Alnif,-15.14,328.91,23
Alpheus Colles,-39.38,61.53,633
Al-Qahira Vallis,-18.23,162.41,600
Amazonis,0.0,220.0,0
Amazonis Mensa,-1.98,213.1,414
Amazonis Planitia,25.75,197.09,2809
Amazonis Sulci,-2.15,216.29,250
Amenthes,4.94,110.0,0
Amenthes Cavi,16.23,114.52,1330
Amenthes Fossae,9.07,102.68,850
Amenthes Planum,3.4,105.92,0
Amenthes Rupes,1.51,110.68,335
Amet,23.45,302.6,0
Ammonii Rupes,-6.52,175.8,100
Amphitrites Patera,-58.7,60.87,129
Amsterdam,23.0,313.0,1
Andapa,-5.33,355.27,11
Angu,20.01,105.64,2
Angusta Patera,-80.59,280.5,15
Angustus Labyrinthus,-81.62,296.61,67
Aniak,-31.84,290.44,50
Anio Valles,37.75,55.89,54
Annapolis,23.16,312.27,1
Anseris Cavus,-29.71,95.5,35
Anseris Mons,-29.81,86.65,52
Antoniadi,21.38,60.83,400
Aonia Mons,-53.33,272.08,27
Aonia Planum,-57.9,281.33,563
Aonia Terra,-60.2,262.95,3873
Aonia Tholus,-59.04,279.96,53
Aonium Sinus,-44.66,255.0,0
Apia,-37.28,89.02,10
Apodis Catena,-26.93,103.2,0
Apollinaris Mons,-9.17,174.79,275
Apollinaris Patera,-8.57,174.18,89
Apollinaris Sulci,-11.06,177.47,188
Apollinaris Tholus,-17.64,175.75,32
Apollo Patera,17.94,226.45,24
Apsus Vallis,34.91,134.99,121
Apt,39.88,350.53,9
Arabia,19.78,30.0,0
Arabia Terra,21.25,5.72,4851
Arago,10.22,29.93,152
Aram Chaos,2.52,337.61,283
Aram Dorsum,7.8,348.76,83
Arandas,42.41,344.97,24
Arcadia,44.66,260.0,0
Arcadia Dorsa,55.9,222.44,1952
Arcadia Planitia,47.19,184.31,1871
Arda Valles,-20.4,327.69,173
Arena Colles,24.63,82.93,580
Arena Dorsum,12.71,68.94,372
Arena Rupes,13.35,70.5,375
Ares Vallis,10.29,334.39,1757
Argas,23.33,309.83,3
Argentea Planum,-72.49,298.33,1370
Argyre,-44.66,335.0,0
Argyre Cavi,-48.31,319.88,72
Argyre Mons,-50.37,311.91,60
Argyre Planitia,-49.84,316.69,892
Argyre Rupes,-62.15,291.25,335
Ariadnes Colles,-34.5,172.78,188
Arica,-23.8,110.24,15
Arima,-15.84,296.32,53
Arimanes Rupes,-9.84,212.3,192
Arkhangelsky,-41.09,335.21,116
Arnon,47.66,25.0,0
Arnus Vallis,13.97,70.61,311
Aromatum Chaos,-1.03,317.03,72
Arrhenius,-40.04,122.71,122
Arsia Chasmata,-7.47,240.65,97
Arsia Mons,-8.26,239.91,470
Arsia Sulci,-6.29,230.19,500
Arsinoes Chaos,-7.66,332.08,200
Arta,21.38,305.71,3
Artik,-34.8,130.98,5
Artynia Catena,47.69,240.55,279
Asau,-3.63,154.68,25
Ascraeus Chasmata,8.77,254.37,105
Ascraeus Mensa,11.72,252.11,34
Ascraeus Mons,11.92,255.92,456
Ascraeus Sulci,12.06,251.25,138
Ascuris Planum,40.59,279.22,617
Asimov,-46.97,4.93,80
Asopus Vallis,-4.29,210.39,40
Aspen,-21.39,336.85,18
Aspledon Undae,73.06,309.65,215
Astapus Colles,35.46,88.08,597
Athabasca Valles,8.54,155.01,270
Athena Patera,18.74,227.18,19
Atlantis Chaos,-34.28,182.69,181
Atrax Dorsum,38.19,271.0,33
Atrax Fossa,38.19,271.02,34
Auce,-27.17,80.14,37
Auki,-15.76,96.87,40
Auqakuh Vallis,30.25,60.41,347
Aureum Chaos,-3.89,333.04,351
Aurorae Chaos,-8.47,325.19,713
Aurorae Planum,-10.41,311.38,564
Aurorae Sinus,-14.83,310.0,0
Ausonia,-39.67,110.0,0
Ausonia Cavus,-31.92,96.55,49
Ausonia Mensa,-30.02,97.72,102
Ausonia Montes,-25.42,99.04,333
Australe Lingula,-84.05,68.56,436
Australe Mensa,-86.88,357.24,172
Australe Montes,-80.19,14.05,411
Australe Scopuli,-83.48,247.06,504
Australe Sulci,-84.99,133.06,357
Australis Patera,-80.09,308.3,12
Australis Tholus,-58.7,37.0,40
Auxo Dorsum,-55.72,318.24,82
Avan,-10.97,290.23,3
Avarua,-35.93,109.66,49
Aveiro,21.28,281.03,9
Avernus Cavi,-3.72,172.52,115
Avernus Colles,-1.73,171.02,238
Avernus Dorsa,-6.03,170.9,296
Avernus Rupes,-9.2,172.8,223
Avire,-40.82,200.24,6
Axius Valles,-54.53,70.72,435
Ayacucho,38.18,267.97,2
Ayr,-38.98,91.58,12
Azul,-42.07,317.49,19
Azusa,-5.48,319.68,39
Babakin,-36.0,288.56,76
Bacht,18.66,102.7,7
Bacolor,32.99,118.6,21
Bada,20.35,309.31,2
Badwater,-32.79,62.14,33
Baetis Chaos,-0.17,299.6,66
Baetis Chasma,-4.29,295.13,92
Baetis Labēs,-3.67,288.54,88
Baetis Mensa,-5.17,287.55,181
Bahn,-3.5,316.68,11
Bahram Vallis,20.42,302.86,269
Bak,18.05,103.78,3
Bakhuysen,-22.97,15.73,152
Balboa,-3.82,326.12,21
Baldet,22.76,65.48,181
Balta,-23.82,333.45,17
Baltia,59.71,310.0,0
Baltisk,-42.27,305.34,50
Balvicar,16.2,306.76,20
Bam,-25.79,115.67,6
Bamba,-3.36,318.41,22
Bamberg,39.71,356.9,55
Banff,17.51,329.29,5
Banh,19.42,304.5,14
Baphyras Catena,38.83,275.84,95
Bar,-25.25,340.5,2
Barabashov,47.33,291.25,120
Barnard,-61.06,61.59,121
Baro,-24.8,110.7,16
Barsukov,7.97,330.98,68
Bashkaus Valles,-25.68,356.74,246
Basin,17.82,107.0,15
Bathys Planum,-42.66,254.0,626
Batoka,-7.55,323.35,14
Batoş,21.5,330.5,17
Baucau,-28.37,304.9,17
Baum,-24.72,28.3,62
Baykonyr,46.41,132.68,3
Bazas,-27.78,93.38,16
Becquerel,21.89,352.06,165
Beer,-14.47,351.83,85
Beloha,-39.58,56.71,31
Beltra,18.01,102.4,7
Belyov,-45.02,201.99,0
Belz,21.57,316.77,10
Bend,-22.4,332.26,3
Bentham,-55.78,319.45,11
Bentong,-22.31,340.96,10
Bernard,-23.24,205.79,128
Berseba,-4.4,322.4,36
Beruri,5.27,81.24,45
Betio,-23.13,281.35,32
Bhor,41.75,134.53,5
Bianchini,-63.85,264.71,70
Biblis Patera,2.36,236.18,53
Biblis Tholus,2.52,235.62,168
Bigbee,-24.78,325.25,20
Bira,25.1,314.46,2
Bise,20.22,303.17,9
Bison,-26.31,330.85,15
Bjerknes,-43.01,171.48,88
Bland,18.3,108.76,6
Bled,21.58,328.54,7
Blitta,-25.9,339.04,12
Blois,23.6,304.15,11
Bluff,23.47,110.03,6
Blunck,-27.23,323.1,66
Boeddicker,-14.82,162.49,107
Bogia,-44.31,83.27,37
Bogra,-24.16,331.2,21
Bok,20.58,328.4,7
Bole,25.35,306.01,8
Bombala,-27.6,106.13,37
Bond,-32.79,324.06,104
Bonestell,42.0,329.61,40
Boola,81.26,254.81,17
Bopolu,-2.96,353.7,18
Bor,18.17,326.32,4
Bordeaux,23.13,311.11,2
Boreales Scopuli,88.88,269.84,1
Boreosyrtis,54.68,70.0,0
Boreum Cavus,84.64,339.85,62
Boru,-24.34,332.13,10
Bosporos Planum,-33.87,295.51,729
Bosporos Rupes,-42.74,302.45,531
Bouguer,-18.46,27.27,107
Boulia,-22.89,111.32,9
Bozkir,-44.14,327.82,79
Bradbury,2.58,85.8,63
Brashear,-53.81,240.97,77
Brazos Valles,-6.08,18.7,387
Bree,37.64,149.63,28
Bremerhaven,23.7,311.36,2
Briault,-9.98,89.68,93
Bridgetown,21.9,312.92,1
Bristol,22.09,313.07,3
Broach,23.51,303.11,11
Bronkhorst,-10.7,304.79,17
Brush,21.7,111.34,6
Bulhar,50.36,134.52,18
Bunge,-33.82,311.41,70
Bunnik,-38.07,217.9,29
Burroughs,-72.29,117.1,112
Burton,-13.88,203.67,119
Buta,-23.25,327.59,11
Butte,-5.08,321.09,12
Buvinda Vallis,33.17,151.96,134
Byala,-25.73,293.53,26
Byrd,-65.22,127.83,123
Byske,-4.97,326.05,12
Cádiz,23.15,310.97,1
Cairns,23.56,312.54,8
Calahorra,26.46,321.35,34
Calamar,18.27,305.13,7
Calbe,-25.14,331.13,13
Calydon Fossa,-7.43,272.02,351
Camargo,17.7,109.64,4
Camichel,2.26,308.39,65
Camiling,-0.71,322.0,21
Camiri,-44.65,317.83,31
Campbell,-54.25,165.58,125
Campos,-21.8,332.19,8
Can,48.21,345.41,8
Canala,24.35,279.92,12
Cañas,-31.19,89.86,41
Canaveral,46.83,135.83,3
Canberra,47.2,132.66,3
Candor,2.96,285.0,0
Candor Chaos,-6.94,287.42,0
Candor Chasma,-6.53,289.22,810
Candor Colles,-6.63,284.43,37
Candor Labes,-4.79,284.01,134
Candor Mensa,-6.26,286.48,116
Candor Sulci,-4.92,283.15,73
Cangwu,41.85,270.41,13
Canillo,10.23,116.48,33
Cankuzo,-19.42,52.03,48
Canso,21.36,299.38,26
Cantoura,14.84,308.28,51
Capen,6.58,14.31,68
Capri Chasma,-8.27,317.93,1471
Capri Mensa,-13.73,312.81,282
Caralis Chaos,-37.2,178.6,103
Cardona,-19.65,328.02,13
Cartago,-23.25,342.03,36
Casius,39.67,100.0,0
Cassini,23.35,32.11,408
Castril,-14.7,175.3,2
Catota,51.67,333.02,1
Cave,21.61,324.36,8
Cavi Angusti,-78.16,285.25,640
Cavi Frigorēs,-78.97,300.2,228
Cavi Novi,-67.26,30.0,535
Caxias,-28.95,259.32,25
Cayon,-35.93,113.62,27
Cebrenia,49.67,150.0,0
Cecropia,59.71,40.0,0
Cefalù,23.64,321.11,5
Centauri Montes,-38.67,95.52,271
Ceraunius,19.78,267.0,0
Ceraunius Catena,37.1,251.91,50
Ceraunius Fossae,27.0,249.85,1166
Ceraunius Tholus,24.0,262.75,128
Cerberus,14.83,155.0,0
Cerberus Dorsa,-13.74,105.29,623
Cerberus Fossae,11.28,166.37,1235
Cerberus Palus,5.78,148.15,466
Cerberus Rupēs,8.3,164.6,1254
Cerberus Tholi,4.48,164.41,698
Cerulli,32.2,22.12,114
Ceti Chasma,-5.03,291.63,49
Ceti Labes,-6.78,284.27,11
Ceti Mensa,-5.89,283.98,133
Chafe,15.1,102.41,4
Chalce,-49.67,360.0,0
Chalce Fossa,-51.67,320.41,33
Chalce Montes,-53.72,322.35,100
Chalcoporos Rupēs,-55.64,20.57,404
Chaman,-60.86,50.96,47
Chamberlin,-65.84,235.71,120
Changsŏng,23.47,302.66,33
Chapais,-22.35,339.45,36
Charis Dorsum,-55.86,318.53,251
Charitum Montes,-58.1,319.71,933
Charitum Tholus,-54.68,319.0,0
Charleston,22.63,312.2,1
Charlier,-68.56,191.53,106
Charlieu,38.15,276.01,18
Charybdis Scopulus,-24.14,20.08,551
Chasma Australe,-82.35,95.03,352
Chasma Boreale,82.54,312.36,459
Chatturat,35.38,265.06,7
Chauk,23.35,304.09,9
Cheb,-24.2,340.56,8
Chefu,-22.91,112.24,11
Chekalin,-24.28,333.19,87
Chersonesus,-49.67,100.0,0
Chia,1.57,300.35,91
Chico Valles,-66.77,207.77,446
Chimbote,-1.42,320.32,62
Chincoteague,41.2,124.12,34
Chinju,-4.52,317.86,65
Chinook,22.5,304.54,18
Chive,21.68,303.99,9
Choctaw,-41.19,322.76,23
Chom,38.57,357.48,5
Choyr,-32.43,18.72,36
Chronius Mons,-61.49,178.01,56
Chrysas Mensa,-6.77,289.9,167
Chryse,9.88,330.0,0
Chryse Chaos,9.86,322.81,658
Chryse Colles,8.15,318.14,48
Chryse Planitia,28.43,319.69,1542
Chrysokeras,-49.67,250.0,0
Chupadero,6.13,83.43,8
Chur,16.93,330.69,4
Cilaos,-35.71,129.48,21
Circle,-22.17,334.47,11
Clanis Valles,33.24,58.47,58
Claritas,-34.68,250.0,0
Claritas Fossae,-27.89,255.76,2030
Claritas Rupes,-25.04,254.74,952
Clark,-55.14,226.8,97
Clasia Vallis,33.77,57.04,147
Cleia Dorsum,-54.86,314.01,131
Clogh,20.56,312.33,11
Clota Vallis,-25.59,339.5,114
Clova,21.47,307.95,7
Cluny,-23.86,332.7,14
Cobalt,-25.79,332.97,10
Coblentz,-54.9,269.69,101
Cobres,-11.7,206.4,93
Coimbra,4.18,354.69,34
Colles Nili,38.72,62.88,653
Coloe Fossae,36.65,56.78,575
Colón,22.75,312.93,1
Columbia Valles,-9.44,317.1,84
Columbus,-29.29,194.02,112
Comas Sola,-19.59,201.49,120
Conches,-4.22,325.8,20
Concord,16.53,325.98,20
Coogoon Valles,17.19,338.26,300
Cooma,-23.69,251.65,17
Copais Palus,54.68,80.0,0
Copernicus,-48.84,191.17,301
Coprates,-14.83,295.0,0
Coprates Catena,-15.0,297.91,302
Coprates Chasma,-13.37,299.26,958
Coprates Labes,-11.82,292.21,61
Coprates Mensa,-12.2,288.84,240
Coprates Montes,-13.0,294.61,350
Coracis Fossae,-35.82,279.14,748
Corby,42.88,137.56,6
Corinto,16.95,141.71,13
Coronae Montes,-34.31,86.11,247
Coronae Planum,-32.68,65.41,265
Coronae Scopulus,-33.26,64.94,245
Corozal,-38.79,159.42,8
Cost,14.98,104.02,11
Cray,44.1,343.88,6
Creel,-6.05,321.15,9
Crewe,-24.84,340.47,3
Crivitz,-14.55,174.79,6
Crommelin,5.08,349.86,110
Cross,-30.2,202.31,66
Crotone,82.21,290.69,6
Cruls,-42.91,163.03,87
Cruz,38.46,358.03,5
Cue,-35.84,93.23,10
Culter,-8.84,306.07,4
Curie,28.78,355.25,111
Cusus Valles,14.05,50.37,250
Cyane Catena,36.25,241.7,204
Cyane Fossae,31.25,238.83,913
Cyane Sulci,25.4,231.34,335
Cyclopia,-4.94,130.0,0
Cydnus Rupēs,52.53,112.21,1550
Cydonia,39.67,360.0,0
Cydonia Colles,39.07,347.78,362
Cydonia Labyrinthus,41.29,347.94,344
Cydonia Mensae,34.56,347.67,764
Cypress,-47.28,312.65,14
Daan,-40.48,91.58,12
Daedalia Planum,-18.35,234.05,1922
Daet,-7.29,318.2,10
Daga Vallis,-12.07,317.58,49
Dalu Cavus,-6.9,261.0,65
Daly,-66.29,336.88,79
Dana,-72.49,327.21,88
Danielson,7.97,352.95,64
Dank,21.96,107.0,8
Dao Vallis,-37.61,88.89,794
Darvel,17.78,308.99,22
Darwin,-56.97,340.85,176
Davies,45.96,0.09,48
Da Vinci,1.47,320.74,96
Dawes,-9.11,38.06,185
Deba,-23.95,342.7,8
Degana,-23.72,314.5,57
Dein,38.21,357.49,25
Dejnev,-25.14,195.36,152
Delta,-45.96,320.83,7
Deltoton Sinus,-3.95,55.0,0
Denning,-17.43,33.52,159
Depressio Hellespontica,-59.71,20.0,0
Dersu,22.64,308.11,5
Dese,-45.41,329.39,13
Deseado,-80.62,70.29,27
Dessau,-42.76,306.87,9
Deucalionis Regio,-14.83,20.0,0
Deuteronilus,34.68,360.0,0
Deuteronilus Colles,41.95,21.7,59
Deuteronilus Mensae,45.11,23.92,919
de Vaucouleurs,-13.31,171.0,302
Deva Valles,-7.81,203.1,0
Deva Vallis,-7.67,203.13,53
Dia-Cau,-0.36,317.34,29
Diacria,49.67,180.0,0
Diacria Patera,34.58,227.4,65
Dilly,13.27,157.22,2
Dingo,-23.71,342.51,15
Dinorwic,-30.03,258.54,51
Dionysus Patera,17.96,226.77,23
Dioscuria,49.67,40.0,0
Dison,-25.03,343.5,20
Dittaino Valles,-1.43,293.14,157
Dixie,17.78,304.09,28
Doanus Vallis,-63.02,334.41,139
Doba,10.92,119.62,25
Dogana,-10.01,306.33,41
Dokka,77.17,214.24,51
Dokuchaev,-60.62,232.92,74
Dollfus,-21.59,355.74,363
Domoni,51.38,234.39,13
Doon,23.53,109.51,3
Dorsa Argentea,-77.63,326.61,339
Dorsa Brevia,-71.05,63.18,650
Douglass,-51.34,289.46,92
Dowa,-31.66,110.24,40
Downe,-15.98,175.78,28
Drava Valles,-48.86,165.99,159
Drilon Vallis,7.17,307.66,118
Drinus Valles,-22.96,342.5,0
Dromore,19.88,310.42,14
Dubis Vallis,-5.16,211.87,45
Dubki,-34.97,304.8,9
Dukhan,7.76,320.86,34
Dulce Vallis,-4.82,136.54,32
Dulovo,3.62,84.56,17
Du Martheray,5.45,93.58,96
Dunhuang,-80.84,311.47,11
Dunkassa,-37.49,222.94,8
Durius Valles,-17.3,171.98,240
Dush,22.49,305.98,2
Du Toit,-71.62,310.4,81
Dzeng,-80.51,289.53,10
Dzigai Vallis,-58.1,323.41,327
Eads,-28.48,330.09,2
Eagle,43.81,351.83,12
Eberswalde,-23.98,326.7,62
Echt,-21.97,331.81,2
Echus Chaos,10.79,285.28,480
Echus Chasma,2.47,280.04,391
Echus Fossae,2.61,283.25,421
Echus Montes,7.81,282.05,397
Echus Palus,12.29,282.73,715
Edam,-26.28,339.96,19
Eddie,12.32,142.2,86
Eden Patera,33.77,348.94,80
Edom,0.0,15.0,0
Eger,-48.29,308.13,12
Ehden,8.23,119.01,57
Eil,41.73,350.26,5
Eilat,-56.53,50.2,29
Ejriksson,-19.2,186.17,46
Elath,45.87,346.4,13
Elaver Vallis,-9.38,310.48,178
Electris,-44.66,170.0,0
Electris Mons,-45.67,152.73,104
Elim,-80.17,96.8,43
Ellsley,36.29,276.7,10
Elorza,-8.76,304.79,45
Ely,-23.62,332.7,10
Elysium,24.74,150.0,0
Elysium Catena,17.69,149.73,48
Elysium Chasma,22.39,141.51,130
Elysium Fossae,24.08,146.14,1044
Elysium Mons,25.02,147.21,401
Elysium Planitia,2.98,154.74,3000
Elysium Rupes,25.24,148.04,140
E. Mareotis Tholus,35.92,274.87,4
Endeavour,-2.28,354.8,21
Enipeus Vallis,36.8,267.2,527
Eos Chaos,-16.82,313.48,497
Eos Chasma,-12.15,320.83,1305
Eos Mensa,-11.01,317.84,346
Erebus Montes,35.66,185.02,811
Eridania,-44.66,140.0,0
Eridania Mons,-57.02,137.86,143
Eridania Planitia,-38.15,122.21,1062
Eridania Scopulus,-52.61,141.79,1017
Erythraea Fossa,-27.27,329.06,155
Erythraeum Chaos,-21.84,347.62,147
Erythraeum Planum,-34.18,295.0,1750
Escalante,0.19,115.39,75
Escorial,76.89,304.96,22
Esira,8.96,313.39,16
Esk,45.21,352.98,3
Espino,-19.69,110.34,12
Eudoxus,-44.52,212.78,98
Eumenides Dorsum,4.79,203.6,569
Eunostos,21.77,240.0,0
Euphrates,19.78,25.0,0
Euphrates Patera,38.43,10.26,20
Euripus Mons,-44.82,105.18,88
Evpatoriya,46.95,134.36,1
Evros Vallis,-12.65,13.83,358
Faith,42.92,348.17,5
Falun,-23.96,335.33,10
Fancy,-35.45,113.6,49
Faqu,-24.54,106.34,12
Farah Vallis,-6.03,136.8,76
Farim,-44.31,139.28,3
Fastov,-25.04,339.63,11
Felis Dorsa,-21.87,294.1,244
Fenagh,34.29,144.37,6
Fesenkov,21.66,273.47,87
Firsoff,2.73,350.63,90
Fitzroy,-35.69,112.06,38
Flammarion,25.22,48.28,173
Flat,-25.42,340.45,3
Flateyri,-35.86,330.92,9
Flaugergues,-16.8,19.22,236
Floq,14.94,107.16,2
Flora,-44.67,308.55,18
Focas,33.56,12.75,72
Fontana,-62.91,287.88,80
Foros,-33.4,332.13,24
Fortuna Fossae,4.64,267.31,324
Fournier,-4.3,72.64,114
Freedom,43.36,351.02,12
Frento Vallis,-50.03,345.16,251
Frigoris Scopulus,79.38,176.0,0
Funchal,22.98,310.56,1
Gaan,38.66,356.6,3
Gagra,-20.64,337.9,13
Gah,-44.69,327.36,2
Galap,-37.66,192.93,5
Galaxias Chaos,33.83,146.52,234
Galaxias Colles,36.8,147.48,610
Galaxias Fluctūs,30.96,143.03,607
Galaxias Fossae,36.63,142.0,552
Galaxias Mensae,36.18,147.3,327
Galaxius Mons,34.76,142.31,22
Galdakao,-13.34,176.63,33
Gale,-5.37,137.81,154
Gali,-43.75,322.81,25
Galilaei,5.72,333.09,137
Galle,-50.63,329.0,223
Galu,-22.08,338.33,13
Gamboa,40.77,315.64,30
Gan,61.72,229.0,20
Gander,-31.26,94.22,36
Gandu,-45.38,312.72,9
Gandzani,34.24,269.17,51
Ganges Catena,-2.7,291.22,81
Ganges Cavus,-10.09,308.55,43
Ganges Chaos,-9.76,313.96,113
Ganges Chasma,-7.96,312.11,574
Ganges Mensa,-7.23,311.25,135
Gardo,-26.67,335.23,15
Gari,-35.88,288.77,9
Garm,48.25,350.94,4
Garni,-11.52,290.31,2
Gasa,-35.72,129.4,7
Gastre,24.61,112.53,7
Gatico,-20.87,338.87,18
Gediz Vallis,-4.85,137.44,8
Gehon,14.83,360.0,0
Gemina Lingula,81.87,2.59,772
Gemini Scopuli,80.39,26.1,1000
Geryon Montes,-7.72,278.38,377
Gigas Fossae,3.55,230.44,190
Gigas Sulci,10.02,232.27,418
Gilbert,-68.0,86.08,121
Gill,15.76,5.55,83
Glazov,-20.62,333.41,22
Gledhill,-53.17,87.1,78
Glendore,18.34,308.33,8
Glide,-8.13,316.82,9
Globe,-23.68,332.65,50
Goba,-23.22,338.99,10
Goff,23.26,104.86,7
Gokwe,-27.14,78.12,2
Gol,47.15,349.36,9
Gold,20.03,328.76,8
Golden,-22.01,326.51,19
Goldstone,47.77,134.58,1
Gonnus Mons,41.21,269.12,49
Gordii Dorsum,4.11,215.86,481
Gordii Fossae,14.83,232.4,369
Gorgonum Chaos,-37.26,189.1,150
Gori,-22.95,331.17,6
Graff,-21.18,153.81,154
Granicus Valles,30.58,129.97,777
Gratteri,-17.71,199.94,7
Greeley,-36.79,3.92,457
Green,-52.3,351.46,182
Greg,-38.59,112.89,68
Grindavik,25.4,321.01,11
Gringauz,-20.67,324.3,71
Grjótá Valles,15.38,166.38,343
Grójec,-21.47,329.16,37
Groves,-4.06,315.45,10
Guaymas,25.66,314.97,20
Guir,-21.54,339.5,18
Gulch,15.85,109.02,8
Gunjur,-0.17,146.66,26
Gunnison,-43.67,102.92,39
Gusev,-14.53,175.52,158
Gwash,38.96,356.84,4
Hadley,-19.26,156.97,115
Hadriaca Patera,-30.2,92.79,66
Hadriacus Cavi,-27.25,78.05,59
Hadriacus Mons,-31.29,91.86,450
Hadriacus Palus,-27.25,77.3,176
Halba,-26.01,303.86,31
Haldane,-52.75,129.26,76
Hale,-35.69,323.64,137
Halex Fossae,27.35,233.96,147
Halley,-48.34,300.73,83
Ham,-44.67,327.5,1
Hamaguir,48.68,132.51,0
Hamelin,20.25,327.25,9
Handlová,37.69,271.41,4
Harad̦,-27.46,331.99,8
Hargraves,20.74,75.74,60
Harmakhis Vallis,-40.98,90.06,526
Harris,-21.9,66.81,81
Hartwig,-38.66,344.14,99
Hashir,3.19,85.01,16
Havel Vallis,0.77,302.54,240
Heaviside,-70.5,264.78,83
Hebes Chasma,-1.07,283.94,316
Hebes Mensa,-1.02,283.22,112
Hebrus Valles,19.88,126.74,325
Hecates Tholus,32.12,150.24,181
Hegemone Dorsum,-54.72,315.1,143
Heimdal,68.33,235.44,10
Heinlein,-64.48,116.31,85
Hellas,-39.67,70.0,0
Hellas Chaos,-47.12,64.41,590
Hellas Chasma,-34.64,65.47,148
Hellas Montes,-37.63,97.61,159
Hellas Planitia,-42.43,70.5,2299
Hellespontus,-49.67,35.0,0
Hellespontus Montes,-44.37,42.76,711
Helmholtz,-45.4,338.73,111
Henbury,-63.49,212.27,25
Henry,10.79,23.45,167
Henry Moore,-59.72,53.9,65
Hephaestus Fossae,20.84,122.85,633
Hephaestus Rupēs,23.54,114.9,1707
Hera Patera,18.45,226.23,32
Herculaneum,19.31,301.35,34
Her Desher Vallis,-25.08,312.07,117
Hermes Patera,18.33,226.57,37
Hermus Vallis,-5.32,212.19,53
Herschel,-14.48,129.89,297
Hesperia,-19.78,120.0,0
Hesperia Dorsa,-22.8,113.16,818
Hesperia Planum,-21.42,109.89,1601
Hibes Montes,3.79,171.34,140
Hiddekel,14.83,15.0,0
Hiddekel Cavus,29.43,16.24,23
Hiddekel Rupes,16.77,16.47,313
Hilo,-44.46,324.5,20
Himera Valles,-21.54,337.34,175
Hipparchus,-44.45,208.8,94
Hīt,47.06,138.35,7
Holden,-26.04,325.98,152
Holmes,-74.86,66.55,114
Honda,-22.4,343.6,9
Hooke,-44.92,315.6,137
Hope,44.84,349.7,7
Horarum Mons,-51.05,323.44,20
Horowitz,-32.06,140.75,64
Houston,48.23,135.95,1
Hrad Vallis,38.17,135.91,974
Hsūanch'eng,46.72,132.69,1
Huallaga Vallis,-26.67,79.07,92
Huancayo,-3.64,320.23,24
Huggins,-49.04,155.84,82
Hunten,-39.18,23.69,82
Huo Hsing Vallis,30.19,66.61,332
Hussey,-53.32,233.41,99
Hutton,-71.63,104.6,91
Huxley,-62.67,100.77,106
Huygens,-13.88,55.58,467
Hyblaeus Catena,21.6,140.62,10
Hyblaeus Chasma,21.98,141.26,56
Hyblaeus Dorsa,13.16,130.32,887
Hyblaeus Fossae,21.44,137.06,375
Hydaspis Chaos,3.09,333.07,336
Hydrae Cavus,-7.93,298.69,64
Hydrae Chaos,-5.9,300.03,66
Hydrae Chasma,-6.75,297.99,55
Hydraotes Chaos,1.12,324.71,419
Hydraotes Colles,-0.02,326.32,47
Hypanis Valles,9.46,313.58,220
Hyperboreae Undae,79.96,310.51,463
Hyperborea Lingula,80.32,306.46,124
Hyperborei Cavi,79.91,310.3,92
Hyperboreus Labyrinthus,80.28,300.25,111
Hyperboreus (Lacus),74.83,300.0,0
Hyperboreus Scopulus,82.41,200.0,0
Hypernotius Scopulus,-77.86,88.0,0
Hypsas Vallis,33.63,57.99,36
Iamuna Chaos,-0.28,319.39,21
Iamuna Dorsa,20.97,309.6,38
Iani Chaos,-2.19,342.96,450
Iapygia (Iapigia),-19.78,65.0,0
Iaxartes Tholus,71.8,345.0,53
Iazu,-2.71,354.82,6
Iberus Vallis,21.25,152.07,87
Ibragimov,-25.43,300.43,86
Icaria,-39.67,230.0,0
Icaria Fossae,-48.09,234.84,2115
Icaria Planum,-43.27,253.96,566
Icaria Rupes,-35.79,220.32,159
Idaeus Fossae,37.33,308.8,202
Igal,-20.09,110.9,8
II Thyle I,-69.78,180.0,0
Ikej,20.96,112.5,4
Imgr,19.12,111.18,3
Indus Vallis,18.95,38.88,342
Innsbruck,-6.39,320.04,59
Ins,24.49,108.9,2
Inta,-24.36,334.9,16
Inuvik,78.59,331.68,20
Irbit,-24.34,335.09,12
Irharen,34.49,140.82,6
Isara Valles,-5.31,213.58,5
Isidis Dorsa,12.92,88.21,1074
Isidis Planitia,13.94,88.38,1224
Isidis Regio,19.78,85.0,0
Isil,-27.02,87.93,77
Ismeniae Fossae,41.31,38.35,286
Ismenia Patera,38.55,1.8,82
Ismenius Cavus,33.9,17.08,90
Ismenius Lacus,39.67,30.0,0
Issedon Paterae,38.13,269.75,5
Issedon Tholus,36.05,265.17,54
Ister Chaos,12.95,303.44,109
Istok,-45.1,274.18,4
Ituxi Vallis,25.45,153.32,123
Ius Chasma,-7.29,275.61,839
Ius Labes,-7.47,281.54,61
Ius Mensa,-8.6,284.68,160
Izendy,-28.88,258.56,22
Jal,-26.25,331.24,4
Jama,21.39,306.82,2
Jampur,38.71,278.45,27
Jamuna,9.88,320.0,0
Janssen,2.69,37.61,153
Jarry-Desloges,-9.37,83.85,93
Jeans,-69.64,154.18,73
Jeki,23.65,307.7,0
Jen,39.88,349.43,8
Jezero,18.41,77.69,47
Jezža,-48.42,322.08,9
Jijiga,25.11,306.05,16
Jodrell,47.47,132.3,3
Johannesburg,47.92,133.19,1
Johnstown,-9.8,308.93,3
Jojutla,81.59,190.2,19
Joly,-74.5,317.31,76
Jones,-18.88,340.17,90
Jörn,-27.19,76.43,20
Jovis Fossae,19.77,244.17,348
Jovis Tholus,18.2,242.59,58
Jumla,-21.29,86.44,49
Juventae Cavi,-3.91,301.84,94
Juventae Chasma,-3.37,298.61,304
Juventae Dorsa,0.39,288.98,481
Juventae Fons,-4.94,297.0,0
Juventae Mensa,-7.93,294.37,116
Kachug,18.15,107.59,4
Kagoshima,47.32,135.73,1
Kagul,-23.73,340.97,9
Kāid,-4.46,315.3,7
Kaiser,-46.19,19.11,201
Kaj,-27.05,330.61,1
Kakori,-41.49,330.15,28
Kalba,-5.89,154.83,14
Kaliningrad,48.47,134.96,1
Kalocsa,6.92,353.05,34
Kamativi,-20.5,99.99,58
Kamloops,-53.45,327.4,63
Kamnik,-37.21,198.21,10
Kampot,-41.78,314.41,13
Kanab,-27.2,341.0,14
Kandi,-32.75,122.1,8
Kankossa,-11.83,304.46,16
Kansk,-20.52,342.73,33
Kantang,-24.44,342.42,52
Karpinsk,-45.57,327.85,28
Karshi,-23.28,340.68,21
Kartabo,-40.85,307.54,19
Kārūn Valles,-35.94,174.1,64
Karzok,18.4,228.26,15
Kasabi,-27.77,89.06,41
Kasei Valles,25.14,297.12,1580
Kashira,-27.09,341.69,65
Kasimov,-24.63,337.06,87
Kasra,21.98,103.63,3
Katoomba,-79.01,127.81,51
Kaup,22.63,326.84,3
Kaw,16.4,104.28,10
Kayne,-15.5,173.56,33
Keeler,-60.69,208.76,90
Kem',-44.94,327.03,3
Kepler,-46.69,140.98,228
Keren,20.98,337.5,28
Keul',45.99,122.23,5
Khanpur,20.73,102.0,2
Kholm,-7.21,318.0,11
Khurli,-20.94,112.96,8
Kibuye,-29.13,181.82,7
Kifrī,-45.64,305.69,13
Kimry,-20.14,343.68,20
Kin,20.2,326.62,8
Kinda,-25.69,254.85,14
Kingston,22.11,312.96,1
Kinkora,-24.95,112.88,51
Kipini,25.86,328.44,67
Kirs,-26.31,340.56,3
Kirsanov,-22.2,334.88,15
Kisambo,34.07,271.08,15
Kison Tholus,72.81,2.0,50
Kita,-22.78,342.82,10
Knobel,-6.57,133.31,123
Koga,-28.96,256.24,19
Kok,15.65,331.93,6
Kolonga,8.32,305.06,41
Kong,-5.36,321.43,11
Kontum,-32.04,292.93,22
Korolev,72.77,164.58,81
Korph,19.34,105.45,7
Koshoba,22.93,77.0,10
Kotido,1.0,350.89,44
Kotka,19.25,169.88,39
Kourou,46.73,132.78,1
Koval'sky,-29.56,218.46,296
Koy,21.47,309.59,7
Krasnoye,35.85,143.84,6
Kribi,-43.0,316.49,13
Krishtofovich,-48.09,97.34,111
Krupac,-7.79,86.01,10
Kuba,-25.31,340.36,26
Kufra,40.36,120.3,37
Kuiper,-56.99,202.87,81
Kular,16.39,108.14,8
Kumak,-35.47,291.93,13
Kumara,43.03,128.56,11
Kunes,-25.24,107.94,15
Kunowsky,56.82,350.36,66
Kushva,-43.96,324.49,37
Labeatis Catenae,19.49,266.83,220
Labeatis Fossae,24.58,275.47,1496
Labeatis Fossae,20.68,265.0,616
Labeatis Mensa,25.5,285.53,124
Labeatis Mons,37.48,284.14,42
Labou Vallis,-8.63,205.58,257
Labria,-34.94,311.93,52
Lachute,-4.27,320.24,15
Ladon Valles,-22.43,331.39,244
Laestrygon (Laestrigon),0.0,160.0,0
Laf,48.01,354.1,2
Lagarto,49.86,351.71,19
Lamas,-26.99,339.36,22
Lambert,-19.97,25.39,92
Lamont,-58.17,246.46,76
Lampland,-35.54,280.48,76
Land,48.26,351.28,5
Langtang,-38.12,224.04,9
La Paz,21.05,310.97,1
Lapri,20.32,107.49,3
Lar,-25.83,330.9,6
Lassell,-20.61,297.54,85
Lasswitz,-9.31,138.31,108
Lau,-74.3,252.52,106
Laylá,-61.11,107.12,19
Layl Cavus,-10.4,261.4,48
Lebu,-20.29,340.53,19
Lederberg,13.01,314.08,87
Leighton,3.08,57.75,65
Leleque,36.46,138.17,8
Lemgo,-42.5,325.21,15
Lemuria,69.78,160.0,0
Lenya,-26.72,253.2,14
Lethe Vallis,3.16,154.97,236
Leuk,23.91,304.99,3
Le Verrier,-37.71,17.1,137
Lexington,21.81,311.37,5
Liais,-75.3,106.93,122
Liberta,35.23,304.55,25
Libertad,23.06,330.59,31
Libya,0.0,90.0,0
Libya Montes,1.44,88.23,1043
Licus Vallis,-3.05,126.35,240
Li Fan,-46.88,206.94,105
Linpu,18.14,113.21,18
Lins,15.76,330.2,6
Lipany,-0.22,79.67,50
Lipik,-38.41,111.61,48
Liris Valles,-10.5,58.25,596
Lisboa,21.24,312.41,1
Lismore,27.04,318.35,9
Littleton,15.7,107.14,7
Liu Hsin,-53.2,188.45,134
Livny,-27.16,330.88,9
Llanesco,-28.18,258.89,29
Lobo Vallis,26.82,298.83,80
Locana,-3.39,321.91,6
Lockyer,27.84,160.51,71
Locras Valles,8.84,48.26,351
Lod,20.98,328.46,7
Lodwar,-55.09,316.68,15
Lohse,-43.24,343.31,151
Loire Valles,-17.69,342.97,790
Loja,41.22,136.21,9
Lomela,-81.65,303.81,11
Lomonosov,65.04,350.76,130
Lonar,72.99,38.29,11
Longa,-20.67,334.06,10
Loon,-18.84,113.45,7
López,-14.57,98.04,85
Lorica,-19.83,331.67,58
Los,-35.08,283.77,8
Lota,46.32,348.2,14
Loto,-21.88,337.56,22
Louros Valles,-8.41,278.23,516
Louth,70.19,103.24,36
Lowbury,42.41,267.08,17
Lowell,-51.96,278.5,202
Luba,-18.26,323.0,38
Lucaya,-11.55,51.91,34
Luck,17.26,323.09,7
Lucus Planum,-4.99,182.83,899
Luga,-44.25,312.58,44
Luki,-29.53,322.63,20
Lunae Mensa,23.91,297.5,114
Lunae Palus,14.83,295.0,0
Lunae Planum,10.79,294.49,1817
Luqa,-18.23,131.82,17
Lutsk,38.7,356.91,4
Luzin,27.06,31.28,101
Lycus Sulci,28.14,215.53,1350
Lydda,24.42,328.05,33
Lyell,-69.91,344.53,121
Lyot,50.47,29.34,221
Ma'adim Vallis,-21.98,177.5,913
Mädler,-10.65,2.77,124
Madrid,48.45,135.44,3
Mad Vallis,-56.27,76.47,537
Mafra,-44.02,306.85,13
Magadi,-34.52,313.93,50
Magelhaens,-32.36,185.42,103
Maggini,27.78,9.5,139
Mago,15.92,105.36,2
Magong,11.89,313.31,46
Maidstone,-41.56,305.78,9
Main,-76.54,49.01,110
Maja Valles,10.23,301.62,1515
Majuro,-33.26,84.33,43
Makhambet,28.43,319.53,15
Malam Cavus,-11.2,261.9,48
Malea Patera,-63.54,51.59,241
Malea Planum,-65.82,62.94,872
Mambali,-23.51,27.03,31
Mamers Valles,40.65,17.94,1020
Manah,-4.66,326.39,9
Mandora,12.22,306.37,55
Mangala Fossa,-17.27,214.12,695
Mangala Valles,-11.32,208.61,900
Manti,-3.58,322.43,15
Manzī,-22.15,332.53,7
Maraldi,-61.92,328.04,118
Marbach,17.65,111.03,24
Marca,-9.98,201.85,78
Mare Acidalium,44.66,330.0,0
Mare Australe,-59.71,350.0,0
Mare Boreum,59.71,180.0,0
Mare Chronium,-57.7,150.0,0
Mare Cimmerium,-19.78,140.0,0
Mare Erythraeum,-24.74,320.0,0
Mare Hadriacum,-39.67,90.0,0
Mareotis Fossae,44.34,283.88,1907
Mare Serpentis,-29.71,40.0,0
Mare Sirenum,-29.71,205.0,0
Mare Tyrrhenum,-19.78,105.0,0
Margaritifer Chaos,-9.3,338.3,383
Margaritifer Sinus,-9.88,335.0,0
Margaritifer Terra,-1.85,335.08,2733
Mari,-52.01,314.12,37
Maricourt,53.34,288.83,9
Marikh Vallis,-19.16,4.32,1147
Mariner,-34.68,195.76,156
Marte Vallis,14.08,182.9,231
Marth,12.94,356.55,96
Martin,-21.34,290.75,61
Martynov,-30.36,323.59,61
Martz,-34.91,144.18,92
Masursky,12.07,327.7,115
Matara,-49.61,34.59,48
Matrona Vallis,-7.66,176.19,61
Maumee Valles,19.51,307.15,390
Maunder,-49.6,1.75,90
Mawrth Vallis,22.43,343.03,634
Mazamba,-27.53,290.33,52
McLaughlin,21.9,337.63,90
McMurdo,-84.38,0.59,26
Medrissa,18.64,303.43,19
Medusae Fossae,-2.17,195.8,278
Medusae Sulci,-5.04,200.3,191
Mega,-1.43,323.1,16
Meget,18.86,107.31,4
Melas Chasma,-10.52,287.46,563
Melas Dorsa,-18.92,287.9,486
Melas Fossae,-26.28,288.48,568
Melas Labes,-8.53,288.3,107
Melas Mensa,-10.72,285.85,245
Mellish,-72.63,336.26,104
Mellit,7.12,358.27,22
Memnonia,-19.78,210.0,0
Memnonia Fossae,-23.63,206.18,1585
Memnonia Sulci,-7.16,184.17,452
Mena,-32.11,341.24,29
Mendel,-58.78,161.25,77
Mendota,35.83,138.33,8
Meridiani Planum,-0.04,356.86,1058
Meroe,34.68,75.0,0
Meroe Patera,6.98,68.77,52
Micoud,50.56,16.34,51
Mie,48.16,139.65,100
Mila,-27.16,339.25,10
Milankovič,54.46,213.42,113
Milford,-52.41,318.51,24
Millman,-53.95,210.36,73
Millochau,-21.19,85.1,112
Milna,-23.46,347.76,27
Minio Vallis,-4.38,208.33,90
Mirtos,22.12,308.24,6
Misk,-0.89,324.5,10
Mistretta,-24.68,250.87,16
Mitchel,-67.53,76.01,135
Miyamoto,-2.87,353.05,145
Mliba,-39.61,87.98,11
Moab,19.78,10.0,0
Moanda,-35.93,320.05,38
Moa Valles,35.62,305.3,265
Moeris Lacus,7.91,90.0,0
Mohawk,42.89,354.65,17
Mojave,7.48,327.01,57
Molesworth,-27.5,149.27,168
Moni,-47.01,18.77,5
Montevallo,15.25,305.73,50
Morava Valles,-13.57,335.8,364
Morella,-9.58,308.61,76
Moreux,41.79,44.54,131
Moroz,-23.77,339.43,116
Morpheos Rupes,-36.0,125.58,404
Mosa Vallis,-15.09,22.2,191
Moss,19.23,109.49,9
Muara,24.32,340.69,3
Müller,-25.74,127.89,120
Munda Vallis,-5.37,213.83,9
Murgoo,-23.64,337.55,22
Murray,-23.29,28.06,92
Musmar,24.54,304.3,0
Mut,22.36,324.24,6
Mutch,0.6,304.79,198
Naar,22.91,317.87,11
Naic,24.45,107.44,8
Nain,41.47,126.84,6
Naju,44.99,122.86,8
Naktong Vallis,4.89,33.39,669
Nakusp,24.73,324.55,7
Nan,-26.69,340.06,2
Nanedi Valles,5.05,311.38,550
Nansen,-49.92,219.58,74
Napo Vallis,-25.97,78.03,87
Nardo,-27.51,327.16,25
Naro Vallis,-4.0,60.71,442
Naruko,-36.24,198.3,4
Naryn,14.89,123.3,3
Nat Cavus,-11.9,263.1,40
Naukan,21.25,329.42,7
Navan,-25.89,336.5,24
Navua Valles,-33.94,82.68,500
Nazca,-31.63,93.67,15
Nectar,-27.72,288.0,0
Nectaris Fossae,-23.09,302.84,623
Nectaris Montes,-14.64,305.35,220
Negele,-35.8,96.0,36
Negril,20.19,69.43,52
Neith Regio,37.67,88.0,0
Neive,23.18,107.07,2
Nema,20.7,307.87,14
Nepa,-24.97,340.33,16
Nepenthes,19.78,100.0,0
Nepenthes Mensae,9.19,119.42,2176
Nepenthes Patera,11.86,89.0,25
Nepenthes Planum,14.01,113.79,1650
Nereidum Fretum,-44.66,305.0,0
Nereidum Montes,-37.57,316.79,1142
Nestus Valles,-7.03,201.52,38
Neukum,-44.9,28.4,102
Never,23.5,105.77,2
Neves,-3.39,151.31,22
New Bern,21.53,310.85,1
Newcomb,-24.27,1.04,254
New Haven,22.08,310.74,1
New Plymouth,-15.78,175.87,31
Newport,22.24,311.04,1
Newton,-40.5,201.97,299
Nhill,-28.68,256.67,23
Nia Chaos,-6.74,292.62,48
Nia Fossae,-14.73,288.23,379
Nia Mensa,-7.72,292.68,95
Nia Tholus,-6.59,285.05,34
Nia Vallis,-53.53,325.19,140
Nicer Vallis,-6.96,201.81,22
Nicholson,0.21,195.57,102
Nier,42.79,106.11,46
Niesten,-28.0,57.75,114
Nif,19.91,303.76,8
Niger Vallis,-34.96,92.57,360
Niliacus Lacus,29.71,330.0,0
Nili Fossae,22.02,76.69,727
Nili Patera,8.97,67.17,67
Nili Tholus,9.15,67.35,7
Nilokeras,29.71,305.0,0
Nilokeras Fossa,24.59,302.17,267
Nilokeras Mensae,30.48,308.05,450
Nilokeras Scopulus,31.72,304.15,901
Nilosyrtis,41.66,70.0,0
Nilosyrtis Mensae,34.77,68.47,676
Nilus Chaos,25.39,283.05,283
Nilus Dorsa,20.68,280.94,292
Nilus Mensae,22.2,287.77,206
Nipigon,33.76,278.16,8
Niquero,-38.79,194.03,10
Nirgal Vallis,-28.16,318.32,610
Nitro,-21.26,336.0,29
Nix Olympica,19.78,230.0,0
Njesko,-35.25,85.11,27
N. Mareotis Tholus,36.38,273.79,3
Noachis,-44.66,30.0,0
Noachis Terra,-50.41,354.84,5519
Noc Cavus,-13.4,263.3,29
Noctis Fossae,-2.69,261.15,712
Noctis Labyrinthus,-6.36,258.81,1190
Noctis Tholus,-12.3,261.8,18
Noma,-25.43,335.69,40
Noord,-19.27,348.73,7
Nordenskiöld,-52.37,201.24,85
Northport,18.52,305.52,18
Novara,-24.9,349.31,86
Nqutu,-38.04,169.55,21
Nune,17.55,321.24,8
Nutak,17.41,329.74,11
Nybyen,-37.02,343.34,6
Obock,-2.01,150.53,14
Ocampo,32.66,138.3,7
Oceanidum Fossa,-61.58,330.49,167
Oceanidum Mons,-54.93,318.77,33
Ochakov,-42.11,328.14,31
Ochus Valles,7.07,314.96,127
Octantis Cavi,-52.57,314.03,71
Octantis Mons,-55.26,317.15,19
Oenotria Plana,-8.14,76.64,61
Oenotria Scopuli,-6.62,77.11,1425
Oenotria Scopulus,-7.77,77.36,1615
Oglala,-3.11,321.89,17
Ogygis Regio,-44.66,295.0,0
Ogygis Rupes,-33.03,305.47,184
Ogygis Undae,-49.66,293.79,87
Ohara,4.92,82.48,9
Okavango Valles,38.1,8.97,285
Okhotsk,22.97,312.67,1
Okotoks,-21.21,84.41,21
Olenek,19.87,305.78,3
Olom,22.96,302.34,5
Oltis Valles,-23.5,338.35,169
Olympia,79.88,160.0,0
Olympia Cavi,85.06,182.23,342
Olympia Mensae,78.0,119.98,335
Olympia Planitia,81.4,180.0,1100
Olympia Planum,82.18,188.81,804
Olympia Rupēs,86.04,174.16,1197
Olympia Undae,81.16,178.48,1507
Olympica Fossae,24.85,246.08,420
Olympus Maculae,17.36,217.16,124
Olympus Mons,18.65,226.2,610
Olympus Paterae,18.32,226.81,85
Olympus Rupes,18.4,226.44,1914
Ome,20.6,104.02,2
Ōmura,-25.36,334.79,8
Onon,16.13,102.48,3
Oodnadatta,-52.43,325.83,25
Ophir,-9.88,295.0,0
Ophir Catenae,-9.46,300.6,509
Ophir Cavus,-9.89,304.96,36
Ophir Chasma,-4.0,287.65,314
Ophir Labes,-11.01,291.72,92
Ophir Mensa,-3.99,286.51,103
Ophir Planum,-8.45,302.18,642
Oraibi,17.22,327.66,32
Orcus Patera,14.13,178.35,387
Ore,16.78,326.07,7
Orinda,45.37,126.98,9
Orson Welles,-0.19,314.1,115
Ortygia,59.71,360.0,0
Ortygia Colles,53.9,350.7,255
Ortygia Tholus,69.78,352.0,100
Ostrov,-26.55,331.89,72
Osuga Valles,-15.31,321.41,164
Oti Fossae,-9.63,242.91,373
Ottumwa,24.58,304.25,51
Oudemans,-9.84,268.23,124
Oxia Chaos,0.22,320.13,24
Oxia Colles,21.24,333.73,595
Oxia Palus,7.91,342.0,0
Oxus,19.78,348.0,0
Oxus Cavus,37.41,359.48,37
Oxus Patera,38.97,359.66,33
Oyama,23.57,339.89,100
Pabo,-26.9,336.92,9
Padus Vallis,-4.52,210.02,57
Pai,-41.1,37.6,42
Paks,-7.66,317.96,6
Pál,-31.31,108.7,71
Palana,21.04,102.02,4
Palikir,-41.57,202.14,15
Pallacopas Vallis,-54.73,339.52,134
Palos,-2.69,110.9,54
Panchaia,59.71,160.0,0
Panchaia Rupēs,64.37,129.83,1113
Pandorae Fretum,-24.74,44.0,0
Pangboche,17.28,226.6,10
Paraná Valles,-23.19,350.2,329
Paros,21.99,261.87,34
Parva Planum,-73.67,264.93,1027
Pasithea Dorsum,-55.14,318.42,282
Pasteur,19.31,24.62,116
Patapsco Vallis,23.7,152.51,172
Pau,-55.4,59.3,42
Pavonis Chasma,2.73,248.98,45
Pavonis Fossae,4.15,248.71,156
Pavonis Mons,1.48,247.04,366
Pavonis Sulci,4.01,242.63,425
Peace Vallis,-4.21,137.23,35
Pebas,-2.6,359.04,5
Peixe,20.33,312.4,9
Peneus Mons,-30.9,86.1,0
Peneus Palus,-35.06,56.71,870
Peneus Patera,-57.82,52.65,128
Penticton,-38.37,96.76,8
Peraea Cavus,-29.61,95.43,56
Peraea Mons,-31.08,86.11,14
Perepelkin,52.44,295.17,77
Peridier,25.51,83.91,94
Perrotin,-2.82,282.06,82
Persbo,8.57,156.88,19
Peta,-21.26,350.9,75
Pettit,12.25,186.13,92
Phaenna Dorsum,-53.79,316.71,164
Phaethontis,-49.67,205.0,0
Phedra,13.84,123.88,20
Philadelphia,21.76,312.02,1
Phillips,-66.34,315.11,185
Phison,19.78,40.0,0
Phison Rupes,26.7,50.35,203
Phlegethon Catena,38.83,256.72,399
Phlegra,31.0,172.2,134
Phlegra Dorsa,25.08,170.37,2818
Phlegra Montes,40.4,163.71,1350
Phoenicis Lacus,-11.86,250.0,0
Phon,15.53,102.79,10
Phrixi Regio,-39.67,290.0,0
Phrixi Rupes,-44.67,292.97,413
Pica,19.82,306.77,2
Pickering,-33.48,227.39,115
Piña,18.37,111.74,5
Pindus Mons,39.47,271.48,16
Pinglo,-2.92,323.24,15
Pital,-9.27,297.72,41
Pityusa Dorsa,-64.24,29.5,397
Pityusa Patera,-66.88,36.86,196
Pityusa Rupes,-63.96,28.32,430
Piyi,-22.88,106.63,11
Planum Angustum,-79.8,276.8,206
Planum Australe,-83.35,157.7,1429
Planum Boreum,87.32,54.96,354
Planum Chronium,-59.14,139.5,576
Platte,16.03,113.18,3
Playfair,-77.91,234.22,62
Plum,-26.07,340.93,2
Podor,-44.11,316.86,25
Pollack,-7.79,25.26,96
Polotsk,-19.89,333.66,30
Pompeii,18.98,300.9,31
Poona,23.76,307.68,19
Port-Au-Prince,21.1,311.82,1
Porter,-50.36,246.24,103
Porth,21.19,104.21,9
Portsmouth,22.55,310.93,1
Porvoo,-43.3,319.19,9
Poti,-36.31,86.56,30
Poynting,8.42,247.25,69
Prao,-11.16,56.61,20
Priestley,-54.12,130.7,42
Princeton,21.69,310.89,2
Proctor,-47.63,29.72,172
Promethei Chasma,-82.66,141.39,295
Promethei Lingula,-82.8,119.89,571
Promethei Mons,-70.57,87.44,65
Promethei Planum,-79.18,88.36,831
Promethei Rupes,-75.54,90.24,1379
Promethei Sinus,-64.74,80.0,0
Promethei Terra,-64.37,97.0,3244
Propontis,44.66,175.0,0
Protei Regio,-22.76,310.0,0
Protonilus,41.66,45.0,0
Protonilus Mensae,43.87,48.86,1033
Protva Valles,-29.11,299.42,259
Ptolemaeus,-45.88,202.4,165
Pulawy,-36.41,283.38,51
Púnsk,20.62,318.87,11
Pursat,-37.36,130.76,17
Puyo,83.93,137.26,9
Pylos,16.79,329.92,18
Pyramus Fossae,50.39,66.31,298
Pyrrhae Chaos,-10.46,331.6,162
Pyrrhae Fossae,-29.2,336.2,430
Pyrrhae Regio,-14.83,322.0,0
Qibā,17.13,103.09,4
Quenisset,34.27,40.67,136
Quick,18.19,310.75,13
Quines,-41.86,89.25,10
Quorn,-5.56,326.38,6
Quthing,0.4,149.29,15
Rabe,-43.61,34.91,106
Radau,16.95,355.29,109
Raga,-48.1,242.42,3
Rahe,25.05,262.52,34
Rahway Valles,8.46,173.58,346
Rakke,-4.57,316.64,18
Rana,-25.59,338.2,12
Raub,42.38,135.11,6
Rauch,21.56,301.87,32
Rauna,35.26,327.92,2
Ravius Valles,46.12,249.83,388
Ravi Vallis,-0.42,319.52,148
Rayadurg,-18.45,102.43,21
Rayleigh,-75.57,118.94,125
Redi,-60.33,92.8,60
Renaudot,42.04,62.68,63
Rengo,-43.45,316.37,13
Resen,-27.94,108.87,7
Reull Vallis,-42.14,104.95,1051
Reutov,-45.07,202.29,18
Reuyl,-9.63,166.93,84
Revda,-24.28,331.5,26
Reykholt,40.48,273.86,52
Reynolds,-74.99,202.41,90
Rhabon Valles,21.21,268.73,245
Ribe,16.49,330.84,11
Richardson,-72.47,180.14,89
Rimac,44.97,136.06,7
Rincon,-8.0,316.99,13
Ritchey,-28.42,309.01,77
Robert Sharp,-4.17,133.42,152
Roddenberry,-49.37,355.57,139
Roddy,-21.65,320.61,85
Romny,-25.4,341.83,5
Rong,22.46,314.65,8
Rongxar,26.33,304.56,21
Roseau,-41.69,150.57,6
Ross,-57.39,252.16,82
Rossby,-47.52,167.92,80
Rubicon Valles,44.41,242.48,308
Ruby,-25.24,342.93,26
Rudaux,38.03,50.96,107
Ruhea,-43.26,173.08,9
Runanga,-26.64,75.96,41
Runa Vallis,-28.34,323.29,36
Rupes Tenuis,81.6,274.53,669
Russell,-54.5,12.43,135
Rutherford,19.03,349.41,107
Ruza,-34.0,307.28,22
Rynok,44.13,121.76,8
Rypin,-1.28,319.11,18
Sabis Vallis,-5.01,207.49,212
Sabo,25.17,311.06,4
Sabrina Vallis,10.99,310.96,280
Sacra Dorsa,11.21,293.91,1416
Sacra Fossae,20.36,290.0,950
Sacra Mensa,24.64,291.78,577
Sacra Sulci,22.16,285.3,1009
Sagan,10.72,329.4,90
Saheki,-21.74,73.14,82
Salaga,-47.19,308.89,28
Samara Valles,-24.17,341.27,661
Sandila,-25.56,329.65,13
Sangar,-27.53,335.66,30
San Juan,22.87,311.96,1
Santaca,-41.06,87.37,15
Santa Cruz,21.25,312.74,1
Santa Fe,19.28,312.05,20
Saravan,-16.93,305.98,46
Sarh,-64.85,345.42,50
Sarn,-77.34,305.28,11
Sarno,-44.37,305.85,20
Satka,-42.68,323.06,18
Sauk,-44.67,327.44,3
Savannah,22.02,312.22,1
Savich,-27.49,96.12,179
Say,-28.07,330.33,13
Scamander Vallis,15.89,28.53,269
Scandia,60.21,212.1,0
Scandia Cavi,77.55,209.65,663
Scandia Colles,65.47,220.87,1521
Scandia Tholi,73.91,201.28,398
Schaeberle,-24.37,50.23,158
Schiaparelli,-2.71,16.77,458
Schmidt,-72.07,282.1,201
Schöner,19.93,50.7,198
Schroeter,-1.9,55.99,291
Scylla Scopulus,-25.22,18.34,476
Sebec,-39.5,99.41,63
Secchi,-57.84,102.15,223
Sefadu,28.74,325.03,10
Selevac,-37.39,228.93,7
Semeykin,41.51,8.75,73
Seminole,-24.18,340.89,20
Senus Vallis,-5.23,213.04,22
Sepik Vallis,-1.01,294.27,59
Sevel,79.21,323.78,7
Sevi,18.89,103.03,3
Sfax,-7.67,316.58,6
Shalbatana Vallis,7.33,317.91,1029
Shambe,-20.58,329.31,35
Shardi,10.05,344.68,16
Sharonov,27.0,301.47,99
Shatskiy,-32.36,345.11,69
Shawnee,22.49,328.49,16
Sian,19.96,312.0,4
Sibiti,-12.37,294.74,33
Sibu,-23.02,340.28,17
Sibut,9.68,310.65,22
Sigli,-20.31,329.19,30
Silinka Vallis,9.13,331.95,150
Siloe Patera,35.3,6.55,39
Simois Colles,-37.72,183.41,86
Simud Valles,19.09,321.99,987
Sinai,-19.78,290.0,0
Sinai Dorsa,-12.77,281.08,456
Sinai Fossae,-14.08,281.33,589
Sinai Planum,-13.72,272.24,901
Sinda,15.75,111.28,6
Singa,-22.43,342.67,13
Sinop,-23.28,110.62,14
Sinton,40.75,31.73,62
Sinus Meridiani,-4.94,360.0,0
Sinus Sabaeus,-7.91,20.0,0
Sirenum Fossae,-35.57,197.26,2731
Sirenum Mons,-38.22,212.15,122
Sirenum Tholus,-34.64,215.21,53
Sisyphi Cavi,-72.2,353.7,423
Sisyphi Montes,-69.65,13.08,200
Sisyphi Planum,-69.64,6.41,1032
Sisyphi Tholus,-75.68,341.47,27
Sithonius Lacus,44.66,115.0,0
Sitka,-4.28,320.77,16
Siton Undae,75.55,297.28,222
Sitrah,-59.09,217.72,33
Sklodowska,33.52,357.05,109
Slipher,-47.34,275.54,127
Smith,-65.76,257.27,74
Soffen,-23.73,140.86,58
Sögel,21.43,304.85,28
Sokol,-42.37,319.32,22
Solano,-26.74,108.95,9
Solis Dorsa,-22.88,280.26,779
Solis Lacus,-27.72,270.0,0
Solis Planum,-26.4,270.33,1811
Somerset,-9.73,308.74,3
Soochow,16.73,331.18,30
Souris,19.47,113.31,2
South,-76.94,21.91,101
Spallanzani,-58.01,86.38,71
Spry,-3.7,321.57,7
Spur,22.02,307.74,8
Srīpur,-30.74,259.29,22
Stege,3.75,300.5,76
Steinheim,54.57,190.65,11
Steno,-67.75,244.63,103
Stobs,-4.96,321.7,12
Stokes,55.63,171.29,62
Ston,46.87,122.55,6
Stoney,-69.61,221.49,161
Stura Vallis,22.71,142.47,75
Stygis Catena,23.25,150.57,65
Stygis Fossae,26.92,149.83,385
Styx,29.71,160.0,0
Styx Dorsum,30.81,151.86,90
Suata,-18.91,106.67,23
Subur Vallis,11.63,306.85,26
Sucre,23.69,305.41,13
Suess,-66.88,181.51,71
Sūf,16.34,321.78,9
Sulak,18.17,281.39,25
Sulci Gordii,19.02,234.27,400
Sumgin,-36.53,311.33,78
Sungari Vallis,-40.33,88.5,344
Surinda Valles,-28.8,324.89,80
Surius Vallis,-61.2,311.28,30
Surt,16.85,329.36,9
Suzhi,-27.41,86.1,24
Swanage,26.45,326.33,18
Syria,-19.78,260.0,0
Syria Colles,-13.46,259.27,630
Syria Mons,-13.88,255.73,73
Syria Planum,-12.09,256.1,735
Syrtis Major,9.88,70.0,0
Syrtis Major Planitia,9.39,69.5,1262
Syrtis Major Planum,9.2,67.1,1214
Sytinskaya,42.42,306.94,89
Tábor,-35.5,301.67,19
Tabou,-45.1,324.96,7
Tader Valles,-48.78,207.7,200
Taejin,-35.2,85.66,28
Tagus Valles,-6.68,114.54,144
Tak,-26.02,331.35,5
Tala,-20.34,112.79,8
Talas,-35.67,75.37,30
Talsi,-41.53,310.63,9
Taltal,-39.51,234.21,10
Talu,-40.35,20.09,10
Tame,-22.73,252.01,13
Tanaica Montes,39.55,269.17,178
Tanais,49.67,290.0,0
Tanais Fossae,38.74,273.51,172
Tana Vallis,4.78,332.11,56
Tantalus Fluctus,35.93,264.32,794
Tantalus Fossae,49.83,263.91,2361
Tara,-44.01,307.16,32
Tarakan,-41.21,329.56,39
Tarata,-3.78,318.78,12
Tarma,16.54,109.85,9
Tarq,-38.1,171.22,35
Tarrafal,24.26,340.82,4
Tarsus,23.12,319.74,18
Tartarus Colles,21.24,175.19,1672
Tartarus Montes,15.46,167.54,1086
Tartarus Rupes,-6.5,175.71,97
Tartarus Scopulus,-4.23,177.25,251
Taus Vallis,-4.85,211.68,10
Tavua,15.62,117.61,31
Taxco,20.67,319.87,17
Taytay,7.39,340.4,18
Taza,-43.57,314.7,24
Tecolote,-24.55,253.16,47
Teisserenc de Bort,0.43,45.07,114
Tejn,15.39,106.42,3
Telz,21.16,111.12,3
Tem',41.91,350.55,5
Tempe,39.67,290.0,0
Tempe Colles,33.75,277.44,34
Tempe Fossae,40.42,288.6,2116
Tempe Mensa,27.94,288.41,55
Tempe Terra,38.69,289.39,1954
Tenuis Cavus,84.76,1.39,51
Tenuis Mensa,81.13,267.04,120
Tepko,15.21,103.51,3
Terby,-27.96,74.14,171
Termes Vallis,-11.11,202.99,55
Terra Cimmeria,-32.68,147.75,5855
Terra Meridiani,-7.12,4.0,1622
Terra Sabaea,2.72,51.3,4688
Terra Sirenum,-39.49,205.85,3635
Teviot Vallis,-43.37,102.26,143
Tharsis,0.0,260.0,0
Tharsis Montes,1.57,247.42,2058
Tharsis Tholus,13.25,269.31,149
Thaumasia,-34.68,275.0,0
Thaumasia Fossae,-47.75,268.95,996
Thaumasia Planum,-21.66,294.78,799
Thermia,19.67,109.17,2
Thila,18.11,155.52,5
Thira,-14.47,175.98,21
Thom,-41.11,92.35,22
Thoth,29.71,105.0,0
Thule,-23.37,334.28,13
Thyles Chasma,-70.79,127.5,235
Thyles Montes,-69.88,126.54,380
Thyles Rupes,-69.32,132.28,548
Thymiamata,9.88,350.0,0
Tibrikot,12.56,305.13,59
Tignish,-30.74,87.04,20
Tigre Valles,-12.02,322.91,102
Tikhonravov,13.28,35.93,343
Tikhov,-50.68,105.8,110
Tile,17.73,331.38,8
Timaru,-25.27,337.66,18
Timbuktu,-5.56,322.48,65
Timoshenko,41.76,296.0,86
Tinia Valles,-4.61,211.12,17
Tinjar Valles,37.54,124.27,400
Tinto Vallis,-3.97,111.5,191
Tisia Valles,-10.75,46.72,384
Tithoniae Catena,-5.44,278.0,380
Tithoniae Catenae,-5.5,278.18,562
Tithoniae Fossae,-4.32,276.96,838
Tithoniae Fossae,-6.33,277.5,492
Tithonium Chasma,-4.6,275.71,802
Tithonius Lacus,-4.94,275.0,0
Tiu Valles,16.23,325.14,1720
Tivat,-45.93,9.53,3
Tivoli,-14.33,100.91,32
Tiwi,-27.56,335.24,21
Toconao,-20.85,285.31,17
Tokko,22.55,109.52,2
Tokma,21.31,108.57,3
Tolon,18.23,104.98,2
Tomari,19.98,113.78,5
Tombaugh,3.56,161.92,59
Tombe,-42.4,315.45,5
Tomini,16.26,125.88,7
Tōno,-44.86,307.8,10
Tooting,23.21,207.76,27
Torbay,17.87,114.08,6
Toro,17.04,71.82,41
Torsö,-44.29,308.82,15
Torup,-27.89,97.81,42
Tractus Albus,29.71,280.0,0
Tractus Catena,27.0,257.21,910
Tractus Fossae,25.89,258.72,403
Trebia Valles,32.08,150.12,179
Trinacria,-24.74,92.0,0
Trinidad,-23.38,109.05,27
Triolet,-37.09,191.98,12
Trivium Charontis,19.78,162.0,0
Troika,16.83,105.14,13
Trouvelot,16.09,347.02,148
Troy,23.17,307.38,9
Trud,17.68,328.41,2
Trumpler,-61.43,209.29,75
Tsau,49.49,121.06,6
Tsukuba,48.58,134.0,1
Tuapi,16.98,104.34,4
Tugaske,-31.78,258.89,30
Tumul,14.71,104.61,8
Tungla,-40.77,89.64,16
Tura,-26.63,338.02,14
Turbi,-40.62,308.55,30
Turma,17.31,108.11,6
Tuscaloosa,-0.02,28.73,59
Tuskegee,-2.8,323.91,62
Tycho Brahe,-49.41,146.12,105
Tyndall,39.73,169.97,83
Tyras Vallis,8.33,309.85,99
Tyrrhena Dorsa,-24.2,115.72,779
Tyrrhena Fossae,-22.23,105.8,305
Tyrrhena Mons,-24.15,101.1,107
Tyrrhena Patera,-21.39,106.63,12
Tyrrhena Terra,-11.9,88.84,2470
Tyrrhenus Labyrinthus,-16.18,101.12,102
Tyrrhenus Mons,-21.63,105.88,269
Tyuratam,-45.04,202.04,0
Ubud,-10.63,341.68,27
Uchronia,69.78,100.0,0
Udzha,81.92,77.35,42
Ultima Lingula,-76.32,142.56,551
Ultimi Cavi,-74.32,155.5,320
Ultimi Scopuli,-77.88,179.04,560
Ultimum Chasma,-81.1,151.37,322
Ulu,22.49,107.32,3
Ulya,-17.9,111.68,8
Ulysses Colles,6.14,236.91,84
Ulysses Fossae,9.95,236.93,849
Ulysses Patera,2.95,238.58,57
Ulysses Tholus,2.96,238.5,102
Ulyxis Rupes,-68.78,160.02,383
Umatac,42.52,137.26,17
Umbra,49.67,70.0,0
Uranius Dorsum,23.79,284.96,542
Uranius Fossae,25.29,269.87,394
Uranius Mons,26.9,267.85,265
Uranius Patera,26.32,267.2,114
Uranius Tholus,26.25,262.43,61
Urk,23.11,111.42,2
Usiku Cavus,-11.2,263.7,42
Utan,24.24,113.81,4
Utopia,49.67,110.0,0
Utopia Planitia,46.74,117.52,3560
Utopia Rupēs,43.53,86.03,2492
Uzboi Vallis,-29.46,323.02,353
Uzer,-1.22,358.25,9
Vaals,-3.96,327.03,10
Vaduz,38.24,15.79,2
Valga,-44.32,323.36,15
Valles Marineris,-14.01,301.41,3761
Valverde,20.1,304.24,34
Varus Valles,-8.57,204.01,90
Vastitas Borealis,87.73,32.53,2002
Vätö,-43.61,306.31,17
Vaux,17.96,327.21,5
Vedra Valles,19.12,304.52,118
Verde Vallis,-0.5,29.88,133
Verlaine,-9.22,64.12,38
Vernal,5.9,355.55,55
Very,-49.17,182.97,114
Viana,19.18,104.81,29
Vichada Valles,-19.87,88.13,438
Victoria,-2.05,354.5,0
Vik,-36.09,296.06,22
Vils,39.04,348.32,6
Vinogradov,-19.83,322.26,209
Vinogradsky,-56.13,143.85,66
Virrat,-30.73,257.12,50
Vishniac,-76.52,84.12,80
Vistula Valles,13.41,308.03,193
Vivero,48.97,118.83,27
Voeykov,-32.11,283.86,75
Vogel,-36.77,346.72,120
Volgograd,48.1,135.03,1
Vol'sk,23.0,308.76,8
Von Kármán,-64.27,301.3,90
Voo,-26.94,340.01,2
Voza,23.34,306.47,2
Vulcani Pelagus,-34.68,345.0,0
Wabash,21.36,326.36,40
Wafra,4.25,148.54,30
Wahoo,23.23,326.32,63
Waikato Vallis,-33.33,113.78,228
Wajir,-27.02,105.54,11
Wallace,-52.48,110.9,170
Walla Walla Vallis,-9.88,305.54,22
Wallops,46.59,132.72,1
Wallula,-9.92,305.6,12
Warra,20.75,322.37,10
Warrego Valles,-41.84,267.85,205
Waspam,20.45,303.37,41
Wassamu,25.57,306.79,16
Wau,-44.86,317.39,6
Weert,19.71,308.31,9
Wegener,-64.3,355.93,68
Weinbaum,-65.53,114.57,82
Wells,-59.94,122.4,98
Wer,45.67,353.81,3
Wicklow,-2.01,319.47,21
Wien,-10.57,139.75,115
Williams,-18.39,195.86,123
Wilmington,21.6,312.53,1
Wiltz,15.54,159.21,1
Windfall,-2.09,316.67,17
Wink,-6.51,318.66,10
Winslow,-3.74,59.16,1
Wirtz,-48.24,334.14,120
Wislicenus,-18.17,11.39,140
W. Mareotis Tholus,35.56,272.04,13
Woking,5.12,82.99,9
Woolgar,34.66,274.55,15
Woomera,48.07,132.62,2
Worcester,26.61,309.63,24
Wright,-58.51,208.99,113
Wukari,-31.81,257.2,38
Wum,15.92,113.8,0
Wynn-Williams,-55.1,60.21,66
Xainza,0.78,356.06,23
Xanthe,9.88,310.0,0
Xanthe Chaos,11.87,317.78,34
Xanthe Dorsa,35.9,325.96,0
Xanthe Montes,18.13,305.08,499
Xanthe Scopulus,19.38,307.49,59
Xanthe Terra,1.6,311.95,1867
Xui,15.09,112.63,3
Yakima,43.03,356.85,12
Yala,17.37,321.42,19
Yalata,21.81,106.17,4
Yalgoo,4.93,84.23,17
Yaonis Regio,-39.67,40.0,0
Yar,22.27,320.85,6
Yaren,-43.88,222.55,9
Yat,18.13,330.97,7
Yebra,20.79,105.69,4
Yegros,-22.3,336.34,13
Yellowknife,-4.58,137.44,0
Yorktown,22.88,311.35,8
Yoro,22.8,331.96,9
Yungay,-43.87,315.25,19
Yuty,22.16,325.91,19
Zarand,-3.41,358.5,2
Zaranj,12.09,113.05,27
Zarqa Valles,0.32,80.59,21
Zea Dorsa,-48.87,80.54,249
Zephyria,0.0,165.0,0
Zephyria Fluctus,0.72,155.53,42
Zephyria Mensae,-11.62,171.98,333
Zephyria Planum,-1.08,153.73,575
Zephyria Tholus,-19.75,172.92,35
Zephyrus Fossae,23.93,144.19,306
Zeus Patera,18.39,227.07,65
Zhigou,-29.1,257.41,21
Zilair,-31.81,327.06,46
Zir,18.54,323.46,6
Zongo,-33.76,318.31,46
Žulanka,-2.27,317.84,43
Zumba,-28.67,226.93,2
Zuni,19.22,330.42,24
Zunil,7.7,166.19,10
Zutphen,-13.85,174.32,38