Abbe,-57.58,174.77,63
Abbot,5.56,54.74,10
Abduh,14.7,39.0,0
Abel,-34.63,85.78,137
Abenezra,-20.99,11.89,43
Abetti,20.11,27.82,1
Abulfeda,-13.87,13.91,62
Abul Wáfa,0.96,116.63,54
Acosta,-5.65,60.14,13
Adams,-31.89,68.39,63
Aepinus,87.96,250.31,16
Agatharchides,-19.85,328.89,51
Agrippa,4.1,10.47,43
Airy,-18.14,5.61,38
Aitken,-16.44,172.96,129
Akis,20.01,328.24,2
Alan,-10.93,353.83,1
Al-Bakri,14.34,20.25,12
Albategnius,-11.24,4.01,130
Albert,38.3,325.0,0
Al-Biruni,18.07,92.62,80
Alden,-23.51,111.11,111
Alder,-48.63,182.12,82
Aldrin,1.41,22.09,2
Alekhin,-67.94,228.15,74
Alexander,40.25,13.69,94
Alfraganus,-5.42,18.97,20
Alhazen,15.91,71.83,34
Aliacensis,-30.6,5.13,79
Al-Khwarizmi,7.02,107.01,56
Almanon,-16.85,15.14,47
Al-Marrakushi,-10.45,55.77,8
Aloha,29.79,306.12,2
Alpetragius,-16.05,355.49,40
Alphonsus,-13.39,357.15,110
Alter,18.74,252.2,64
Ameghino,3.3,57.04,9
Amici,-10.06,187.77,52
Ammonius,-8.52,359.17,8
Amontons,-5.34,46.78,2
Amundsen,-84.44,83.07,103
Anaxagoras,73.48,349.83,51
Anaximander,66.97,308.56,68
Anaximenes,72.49,315.02,81
Anděl,-10.41,12.38,32
Anders,-41.31,216.7,41
Anderson,15.5,170.79,105
Andersson,-49.95,264.54,13
Andronov,-22.68,146.11,16
Ango,20.48,327.66,0
Angström,29.9,318.33,9
Ann,25.11,359.95,2
Annegrit,29.43,334.36,1
Ansgarius,-12.92,79.72,91
Antoniadi,-69.3,186.94,137
Anuchin,-48.85,101.66,62
Anville,1.84,49.51,10
Apennine Front,25.92,3.68,6
Apianus,-26.96,7.87,63
Apollo,-35.69,208.52,524
Apollonius,4.51,60.96,50
Appleton,37.05,158.17,64
Arago,6.15,21.43,25
Aratus,23.58,4.51,10
Archimedes,29.72,356.01,81
Archytas,58.87,4.99,31
Argelander,-16.55,5.8,33
Ariadaeus,4.55,17.28,10
Ariosto,-3.6,95.6,0
Aristarchus,23.73,312.51,39
Aristillus,33.88,1.21,54
Aristoteles,50.24,17.32,87
Armiński,-16.36,154.22,26
Armstrong,1.35,24.94,4
Arnold,66.98,35.83,93
Arrhenius,-55.58,268.55,40
Artamonov,25.44,103.79,62
Artem'ev,10.4,214.78,66
Artemis,25.03,334.64,2
Artsimovich,27.61,323.37,7
Aryabhata,6.2,35.17,21
Arzachel,-18.26,358.07,96
Asada,7.25,49.9,12
Asclepi,-55.19,25.52,40
Ashbrook,-81.1,249.42,157
Aston,32.77,272.32,44
Atlas,46.74,44.38,88
Atwood,-5.88,57.78,28
Austen,-9.0,93.55,0
Autolycus,30.68,1.49,38
Auwers,15.0,17.12,19
Auzout,10.21,64.01,32
Avery,-1.32,81.37,10
Avicenna,39.63,262.72,72
Avogadro,63.21,165.36,129
Azophi,-22.19,12.7,47
Baade,-44.75,277.97,57
Babakin,-20.81,123.26,19
Babbage,59.56,302.62,146
Babcock,4.13,94.14,95
Baby Ray,-9.08,15.42,0
Back,1.2,80.67,34
Backlund,-16.22,103.35,75
Baco,-51.04,19.1,65
Baillaud,74.61,37.35,89
Bailly,-66.82,291.1,300
Baily,49.78,30.56,25
Balandin,-18.94,152.58,11
Balboa,19.24,276.69,69
Baldet,-53.32,208.04,55
Ball,-35.92,351.61,40
Balmer,-20.27,70.22,136
Balzac,-8.0,95.0,0
Banachiewicz,5.28,80.01,99
Bancroft,28.07,353.57,12
Banting,26.58,16.43,5
Barbier,-23.85,157.93,65
Barkla,-10.67,67.22,40
Barnard,-29.79,85.95,115
Barocius,-44.98,16.81,82
Barringer,-28.22,209.57,66
Barrow,71.28,7.59,93
Bartels,24.51,270.15,54
Baudelaire,-23.2,123.1,0
Bawa,-25.28,102.56,1
Bayer,-51.62,324.86,48
Beals,37.11,86.58,52
Bear Mountain,19.98,30.77,3
Beaumont,-18.08,28.82,50
Becquerel,40.79,129.5,62
Bečvář,-2.57,125.07,66
Beer,27.07,350.9,9
Behaim,-16.61,79.41,56
Beijerinck,-13.4,151.84,76
Beketov,16.23,29.18,8
Béla,24.67,2.27,10
Bel'kovich,61.53,90.15,215
Bell,21.98,263.47,86
Bellinsgauzen (Bellingshausen),-60.72,195.15,63
Bellot,-12.48,48.19,17
Belopol'skiy,-17.25,231.77,61
Belyaev,23.1,143.11,55
Bench,-3.02,336.57,0
Benedict,4.35,141.54,13
Bergman,6.97,137.49,22
Bergstrand,-18.72,176.44,42
Berkner,25.13,254.76,87
Berlage,-63.04,196.39,93
Bernini,14.9,30.0,0
Bernoulli,34.93,60.61,47
Berosus,33.5,69.99,75
Berzelius,36.55,50.95,48
Bessarion,14.85,322.69,9
Bessel,21.73,17.92,15
Bettinus,-63.4,314.84,71
Bhabha,-55.5,194.69,70
Bianchini,48.78,325.63,37
Biela,-54.99,51.63,77
Bilharz,-5.83,56.34,44
Billy,-13.83,309.76,45
Bingham,8.02,115.05,34
Biot,-22.7,51.08,13
Birkeland,-30.17,174.01,81
Birkhoff,58.45,214.35,329
Birmingham,65.12,349.3,89
Birt,-22.36,351.41,15
Bi Sheng,78.35,148.46,55
Bjerknes,-38.5,113.69,48
Black,-9.2,80.39,19
Blackett,-37.55,244.16,145
Blagg,1.22,1.46,4
Blancanus,-63.77,338.37,105
Blanchard,-58.25,266.5,37
Blanchinus,-25.32,2.44,59
Blazhko,31.37,212.14,51
Bliss,53.04,346.22,22
Block,-3.01,336.59,0
Bobillier,19.63,15.44,6
Bobone,26.7,227.88,32
Bode,6.71,357.55,17
Boethius,5.57,72.33,11
Boguslawsky,-72.9,43.26,94
Bohnenberger,-16.24,40.06,31
Bohr,12.71,273.48,70
Bok,-20.26,188.42,43
Boltzmann,-74.82,269.59,72
Bolyai,-33.85,126.12,102
Bombelli,5.28,56.19,9
Bondarenko,-17.24,136.89,28
Bonpland,-8.38,342.67,59
Boole,63.79,272.71,61
Borda,-25.2,46.52,45
Borel,22.37,26.42,4
Boris,30.53,326.5,1
Borman,-39.06,211.75,50
Born,-6.05,66.83,15
Borya,38.3,325.0,0
Bosch,86.82,133.54,19
Boscovich,9.71,11.01,41
Bose,-53.95,190.64,92
Boss,45.75,88.68,50
Bouguer,52.32,324.18,22
Boussingault,-70.21,53.73,127
Bowditch,-24.97,103.07,43
Bowen,17.63,9.1,8
Bowen-Apollo,20.27,30.87,0
Boyle,-53.29,177.89,57
Brackett,17.84,23.54,8
Bragg,42.33,256.56,77
Brashear,-73.54,188.43,60
Braude,-81.82,158.88,11
Brayley,20.9,323.06,14
Bredikhin,17.25,201.63,61
Breislak,-48.31,18.31,48
Brenner,-39.09,39.11,90
Brewster,23.27,34.69,9
Brianchon,74.75,271.64,137
Bridge,26.04,3.51,0
Bridgman,43.39,136.98,81
Briggs,26.45,290.81,36
Brisbane,-49.2,68.76,44
Bronk,25.9,225.33,66
Brontë,20.17,30.67,0
Brouwer,-35.82,235.25,119
Brown,-46.53,342.01,34
Bruce,1.16,0.37,6
Brunner,-9.86,90.91,50
Buch,-38.9,17.68,51
Buffon,-40.64,226.47,105
Buisson,-1.47,112.95,61
Bullialdus,-20.75,337.74,60
Bunsen,41.4,274.54,55
Burckhardt,31.11,56.39,54
Bürg,45.07,28.21,41
Burnham,-13.92,7.25,24
Büsching,-38.04,19.96,53
Butlerov,12.05,251.19,38
Buys-Ballot,20.86,174.82,66
Byrd,85.43,10.07,97
Byrgius,-24.73,294.62,84
Cabannes,-61.24,189.79,81
Cabeus,-85.33,317.87,100
Cailleux,-60.41,153.5,52
Cai Lun,80.12,113.66,44
Cajal,12.59,31.08,8
Cajori,-47.67,168.7,74
Calippus,38.92,10.72,34
Camelot,20.19,30.73,0
Cameron,6.19,45.93,10
Camoens,0.62,84.98,31
Campanus,-28.04,332.1,46
Campbell,45.57,152.91,222
Cannizzaro,55.5,260.27,54
Cannon,19.88,81.36,57
Cantor,38.04,118.69,75
Capella,-7.65,34.92,48
Capuanus,-34.09,333.27,59
Cardanus,13.27,287.5,49
Carlini,33.75,335.88,10
Carlos,24.91,2.28,4
Carmichael,19.53,40.36,19
Carnot,52.09,215.8,126
Carol,8.48,122.37,6
Carpenter,69.52,308.77,59
Carrel,10.67,26.68,15
Carrillo,-2.11,80.96,17
Carrington,43.97,62.04,27
Cartan,4.24,59.29,15
Carver,-43.46,127.6,62
Casatus,-72.7,329.25,102
Cassegrain,-51.95,113.3,56
Cassini,40.25,4.64,56
Catalán,-45.7,272.63,26
Catena Abulfeda,-16.59,16.7,209
Catena Artamonov,26.09,105.77,131
Catena Brigitte,18.5,27.49,7
Catena Davy,-10.98,353.73,52
Catena Dziewulski,18.78,100.27,80
Catena Gregory,-0.59,129.8,148
Catena Humboldt,-21.98,84.7,162
Catena Krafft,14.91,287.75,55
Catena Kurchatov,37.25,136.6,234
Catena Leuschner (GDL),5.07,248.7,200
Catena Littrow,22.23,29.61,10
Catena Lucretius (RNII),-4.03,233.55,232
Catena Mendeleev,6.63,139.22,125
Catena Michelson (GIRD),-0.44,246.42,450
Catena Pierre,19.76,328.14,9
Catena Sumner,37.89,111.91,220
Catena Sylvester,79.99,276.88,139
Catena Taruntius,3.04,48.71,69
Catena Timocharis,29.09,346.79,48
Catena Yuri,24.41,329.62,4
Catharina,-17.98,23.55,98
Cauchy,9.56,38.63,11
Cavalerius,5.1,293.07,59
Cavendish,-24.63,306.22,52
Caventou,29.74,330.62,2
Cayley,3.94,15.09,14
Cellini,-7.8,83.0,0
Celsius,-34.1,20.05,38
Censorinus,-0.42,32.69,4
Cepheus,40.68,45.78,39
Cervantes,-3.4,99.2,0
Chacornac,29.88,31.67,50
Chadwick,-52.85,258.66,29
Chaffee,-39.06,205.37,51
Challis,79.58,9.09,53
Chalonge,-20.44,243.65,25
Chamberlin,-58.83,96.04,60
Champollion,37.39,175.03,48
Chandler,43.65,171.76,88
Chang Heng,18.9,112.21,42
Chang-Ngo,-12.69,357.84,2
Chant,-40.14,250.54,33
Chaplygin,-5.76,150.24,123
Chapman,50.09,259.53,76
Chappe,-61.29,268.76,55
Chappell,54.53,183.23,73
Charles,29.9,333.63,1
Charlier,36.22,228.31,109
Chaucer,3.39,219.29,45
Chauvenet,-11.64,137.2,77
Chawla,-42.48,212.51,14
Chebyshev,-34.01,227.12,179
Chekov,-6.6,82.0,0
Chenier,-17.7,132.4,0
Chernyshev,47.01,174.41,59
C. Herschel,34.48,328.71,13
Chevallier,45.01,51.57,51
Ching-Te,20.02,29.97,3
Chladni,3.99,1.12,13
Chrétien,-46.11,162.99,98
Cichus,-33.29,338.82,39
Cinco,-9.1,15.52,0
Clairaut,-47.84,13.86,76
Clark,-38.67,119.35,52
Clausius,-36.9,316.07,24
Clavius,-58.62,345.27,230
Cleomedes,27.6,55.5,130
Cleostratus,60.32,282.6,63
Clerke,21.68,29.8,6
C. Mayer,63.26,17.31,37
Coblentz,-38.09,126.65,32
Cochise,20.25,30.84,0
Cockcroft,31.09,197.09,92
Collins,1.3,23.71,2
Colombo,-15.26,46.02,79
Compton,55.86,104.05,164
Comrie,23.39,246.83,59
Comstock,21.59,237.95,73
Condon,1.87,60.36,34
Condorcet,12.1,69.58,74
Cone,-3.62,342.57,0
Congreve,-0.28,192.16,57
Conon,21.66,1.95,20
Cook,-17.5,48.81,45
Cooper,52.68,175.92,51
Copernicus,9.62,339.92,96
Cori,-50.48,207.09,67
Coriolis,0.56,171.8,78
Corneille,12.3,134.8,0
Couder,-4.9,267.42,18
Coulomb,54.46,245.0,89
Courtney,25.14,329.19,1
Cremona,67.24,269.14,85
Crescent,-3.0,336.57,1
Crile,14.21,45.98,9
Crocco,-46.98,150.51,67
Crommelin,-67.46,212.05,93
Crookes,-10.4,194.9,48
Crozier,-13.56,50.72,22
Crüger,-16.68,293.04,45
Ctesibius,0.83,118.75,32
Curie,-23.05,92.28,138
Curtis,14.57,56.79,2
Curtius,-67.08,4.4,99
Cusanus,71.82,69.4,60
Cuvier,-50.29,9.69,77
Cyrano,-20.37,157.37,79
Cyrillus,-13.29,24.07,98
Cysatus,-66.21,353.66,47
Daedalus,-5.83,179.4,93
Dag,18.71,5.26,0
Daguerre,-11.91,33.61,45
Dale,-9.56,82.93,23
d'Alembert,51.07,164.89,233
Dalton,17.07,275.55,60
Daly,5.74,59.5,14
Damoiseau,-4.85,298.75,36
Daniell,35.42,31.16,28
Danjon,-11.42,123.9,69
Dante,25.36,180.0,53
Dario,-11.3,90.7,0
Darney,-14.61,336.43,14
D'Arrest,2.26,14.6,29
D'Arsonval,-10.31,124.59,30
Darwin,-19.93,290.79,122
Das,-26.49,222.95,35
Daubrée,15.73,14.75,14
da Vinci,9.1,44.95,37
Davisson,-37.93,185.03,92
Davy,-11.85,351.85,33
Dawes,17.21,26.34,17
Dawson,-66.99,224.95,44
D. Brown,-41.65,212.84,16
Debes,29.47,51.62,31
Debus,-10.68,99.68,19
Debye,49.43,183.97,127
Dechen,46.12,291.82,12
Defoe,-6.0,80.5,0
De Forest,-76.94,196.67,56
de Gasparis,-25.83,309.17,30
de Gerlache,-88.48,271.66,32
Delambre,-1.94,17.39,51
De La Rue,59.02,52.84,135
Delaunay,-22.26,2.62,44
Delia,-10.91,353.87,1
Delisle,29.98,325.32,24
Dellinger,-6.87,140.7,82
Delmotte,27.16,60.2,32
Delporte,-15.89,121.55,42
Deluc,-55.02,357.02,45
Dembowski,2.88,7.27,26
Democritus,62.31,34.99,37
Demonax,-78.09,59.36,121
De Moraes,49.38,143.0,54
De Morgan,3.31,14.89,9
Denning,-16.26,142.76,44
De Roy,-55.24,261.01,43
Desargues,70.25,286.58,84
Descartes,-11.74,15.67,47
Deseilligny,21.13,20.59,6
De Sitter,79.81,38.57,63
Deslandres,-32.55,354.43,227
Deutsch,24.35,110.91,73
De Vico,-19.71,299.68,22
De Vries,-19.68,183.22,57
Dewar,-2.61,165.62,46
Diana,14.29,35.65,1
Diderot,-20.42,121.54,20
Dionysius,2.77,17.29,17
Diophantus,27.62,325.7,17
Dirichlet,10.58,207.95,47
Dobrovol'skiy,-12.83,129.68,38
Doerfel,-68.97,251.47,68
Dollond,-10.48,14.41,11
Donati,-20.69,5.1,35
Donna,7.22,38.3,1
Donner,-31.35,97.99,55
Doppelmayer,-28.48,318.49,65
Doppler,-12.58,200.16,101
Dorsa Aldrovandi,23.61,28.65,126
Dorsa Andrusov,-1.56,56.77,80
Dorsa Argand,28.29,319.66,91
Dorsa Barlow,14.04,30.57,112
Dorsa Burnet,26.18,303.22,194
Dorsa Cato,0.21,47.7,128
Dorsa Dana,2.26,89.6,82
Dorsa Ewing,-11.06,321.69,261
Dorsa Geikie,-4.21,52.83,218
Dorsa Harker,13.79,63.65,213
Dorsa Lister,19.76,23.52,180
Dorsa Mawson,-7.77,52.48,142
Dorsa Rubey,-9.88,317.64,100
Dorsa Smirnov,26.41,25.53,221
Dorsa Sorby,18.65,13.7,76
Dorsa Stille,26.91,341.15,66
Dorsa Tetyaev,20.02,64.06,187
Dorsa Whiston,29.77,303.04,138
Dorsum Arduino,24.77,323.73,99
Dorsum Azara,26.86,19.17,103
Dorsum Bucher,30.76,320.45,84
Dorsum Buckland,19.43,14.3,369
Dorsum Cayeux,0.76,51.22,95
Dorsum Cloos,1.15,90.41,103
Dorsum Cushman,1.42,49.19,85
Dorsum Gast,24.38,8.71,64
Dorsum Grabau,29.76,345.81,123
Dorsum Guettard,-9.92,341.74,40
Dorsum Heim,32.2,330.17,146
Dorsum Higazy,27.93,342.53,63
Dorsum Lambert,25.8,339.0,0
Dorsum Nicol,18.32,22.66,43
Dorsum Niggli,29.01,307.72,47
Dorsum Oppel,19.31,52.09,297
Dorsum Owen,25.14,11.09,33
Dorsum Scilla,32.34,300.0,107
Dorsum Termier,11.63,57.15,89
Dorsum Thera,24.4,328.58,7
Dorsum Von Cotta,23.6,11.95,183
Dorsum Zirkel,29.55,335.18,195
Double,0.67,23.47,0
Doublet,-3.64,342.53,0
Douglass,35.5,237.28,50
Dove,-46.83,31.42,30
Doyle,2.0,84.5,0
Draper,17.56,338.25,8
Drebbel,-40.93,310.88,30
Dreyer,10.24,97.09,63
Drude,-38.56,268.11,27
Dryden,-33.21,203.85,54
Drygalski,-79.57,272.82,162
Dubyago,4.38,69.95,48
Dufay,5.57,169.54,36
Dugan,64.12,103.11,49
Dumas,-5.3,81.7,0
Dune,26.04,3.66,0
Dunér,44.68,179.46,65
Dunthorne,-30.12,328.29,15
Dyson,60.87,238.29,63
Dziewulski,20.99,99.02,68
Earthlight,26.06,3.65,0
Eckert,17.28,58.38,2
Eddington,21.5,287.98,120
Edison,24.88,99.27,62
Edith,-25.77,102.33,6
Egede,48.72,10.64,34
Ehrlich,40.82,187.73,33
Eichstadt,-22.63,281.58,49
Eijkman,-63.21,217.49,56
Eimmart,23.97,64.8,44
Einstein,16.6,271.35,181
Einthoven,-5.06,110.06,73
Elbow,26.03,3.6,0
Elger,-35.4,330.19,21
El Greco,14.0,34.7,0
Ellerman,-25.44,239.61,46
Ellison,54.93,251.95,36
Elmer,-10.23,84.18,16
Elvey,9.01,259.36,80
Emden,62.76,183.49,114
Emory,20.12,30.78,0
Encke,4.57,323.32,28
End,-8.91,15.51,0
Endymion,53.61,56.48,122
Engel'gardt (Engelhardt),5.39,200.53,43
Eötvös,-35.61,134.43,101
Epigenes,67.5,355.38,54
Epimenides,-40.92,329.67,22
Eppinger,-9.4,334.3,0
Eratosthenes,14.47,348.68,58
Erlanger,86.99,28.62,10
Erro,5.68,98.54,63
Esclangon,21.47,42.06,15
Esnault-Pelterie,47.41,218.17,76
Espin,28.15,109.34,70
Euclides,-7.4,330.44,11
Euctemon,76.26,30.57,62
Eudoxus,44.27,16.23,70
Euler,23.26,330.82,26
Evans,-9.63,226.22,69
Evdokimov,34.57,206.96,48
Evershed,35.3,200.49,65
Ewen,7.69,121.46,2
Fabbroni,18.66,29.27,10
Fabricius,-42.75,41.84,78
Fabry,43.07,100.68,179
Fahrenheit,13.12,61.71,6
Fairouz,-26.07,102.95,2
Falcon,20.31,30.31,0
Family Mountain,20.38,30.34,3
Faraday,-42.45,8.75,69
Faustini,-87.18,84.31,42
Fauth,6.23,339.86,11
Faye,-21.39,3.81,38
Fechner,-58.25,125.03,59
Fedorov,28.23,322.95,6
Felix,25.09,334.62,1
Fényi,-44.94,254.94,43
Feoktistov,30.73,140.5,22
Fermat,-22.71,19.79,37
Fermi,-19.61,123.24,241
Fernelius,-38.18,4.86,68
Fersman,17.9,233.94,148
Fesenkov,-23.16,135.14,36
Feuillée,27.37,350.54,8
Fibiger,86.14,37.13,21
Finsch,23.58,21.27,4
Finsen,-42.29,182.28,72
Firdausi,24.68,325.93,6
Firmicus,7.25,63.43,56
Firsov,4.2,112.7,51
Fischer,7.99,142.44,30
Fitzgerald,26.67,187.86,104
Fizeau,-58.19,225.89,107
Flag,-8.97,15.45,0
Flammarion,-3.33,356.27,76
Flamsteed,-4.49,315.66,19
Flank,-3.63,342.56,0
Fleming,14.91,109.28,126
Florensky,25.45,131.85,69
Florey,87.04,340.25,69
Focas,-33.7,266.09,22
Fontana,-16.04,303.21,31
Fontenelle,63.42,341.04,37
Fossa Casals,0.0,0.0,0
Fossa Cauchy,0.0,0.0,0
Foster,23.59,218.51,37
Foucault,50.46,320.14,25
Fourier,-30.31,306.9,51
Fowler,42.59,214.73,139
Fox,0.47,98.14,23
Fracastorius,-21.36,33.07,120
Fra Mauro,-6.06,343.03,96
Franck,22.59,35.56,11
Franklin,38.73,47.64,55
Franz,16.57,40.24,25
Fraunhofer,-39.52,59.06,57
Fredholm,18.37,46.55,13
Freud,25.79,307.6,2
Freundlich,25.0,170.89,83
Fridman (Friedmann),-12.48,233.12,101
Froelich,80.0,248.37,56
Frost,37.41,241.1,78
Fryxell,-21.25,258.35,17
Furnerius,-36.0,60.54,135
Gadomski,36.21,212.64,65
Gagarin,-19.66,149.35,261
Galen,21.95,4.96,9
Galilaei,10.48,297.17,15
Galle,55.87,22.33,20
Galois,-13.94,207.01,231
Galvani,49.51,275.44,76
Gambart,0.92,344.76,24
Gamow,65.29,144.65,113
Ganskiy (Hansky),-9.64,97.0,42
Ganswindt,-79.42,111.17,77
Garavito,-47.21,156.78,81
Gardner,17.75,33.81,17
Gärtner,59.24,34.76,101
Gassendi,-17.55,320.04,111
Gaston,30.88,326.04,2
Gator,-8.95,15.55,0
Gaudibert,-10.93,37.82,33
Gauricus,-33.91,347.26,79
Gauss,36.01,79.08,170
Gavrilov,17.41,131.22,61
Gay-Lussac,13.88,339.21,25
G. Bond,32.39,36.32,19
Geber,-19.46,13.85,44
Geiger,-14.39,158.41,36
Geissler,-2.6,76.51,17
Geminus,34.42,56.66,81
Gemma Frisius,-34.33,13.37,88
Gena,38.3,325.0,0
Gerard,44.54,279.49,98
Gerasimovich,-22.95,236.58,90
Gernsback,-36.53,99.53,47
Gibbs,-18.37,84.27,78
Gilbert,-3.2,76.16,100
Gill,-63.77,75.95,63
Ginzel,14.25,97.4,53
Gioja,83.35,1.76,42
Giordano Bruno,35.97,102.89,22
Glaisher,13.19,49.34,15
Glauber,11.32,142.67,15
Glazenap,-1.85,137.76,38
Glushko,8.11,282.33,40
Goclenius,-10.05,45.03,73
Goddard,15.15,89.13,93
Godin,1.82,10.16,34
Goldschmidt,73.04,356.63,115
Golgi,27.78,300.04,5
Golitsyn,-25.2,254.8,35
Golovin,39.75,161.24,37
Goodacre,-32.67,14.08,44
Gore,86.18,297.69,9
Gould,-19.26,342.75,32
Grace,14.21,35.89,1
Grachev,-3.83,251.58,34
Graff,-42.3,271.29,36
Grave,-17.04,150.23,36
Greaves,13.18,52.79,14
Green,3.69,133.12,68
Gregory,1.76,127.28,63
Grigg,12.5,229.87,36
Grignard,84.54,284.17,12
Grimaldi,-5.38,291.64,173
Grimm,-15.0,130.2,0
Grissom,-46.92,212.02,59
Grotrian,-66.15,128.28,36
Grove,40.3,32.98,28
Gruemberger,-67.04,349.7,91
Gruithuisen,32.89,320.22,14
Guang Han Gong,44.12,340.49,0
Guericke,-11.57,345.81,60
Guest,-19.79,117.39,19
Guillaume,45.16,186.62,56
Gullstrand,44.95,230.33,45
Gum,-40.34,88.91,54
Gutenberg,-8.61,41.25,70
Guthnick,-47.76,265.96,37
Guyot,11.63,117.12,98
Gyldén,-5.37,0.23,48
Haber,83.4,265.37,56
Hadley,25.46,2.8,5
Hagecius,-59.92,46.63,79
Hagen,-48.32,135.95,57
Hahn,31.22,73.55,87
Haidinger,-39.18,334.86,21
Hainzel,-41.23,326.48,70
Haldane,-1.66,84.11,40
Hale,-74.13,91.71,84
Halfway,-8.97,15.46,0
Hall,33.81,36.75,31
Halley,-8.05,5.73,34
Halo,-3.02,336.58,0
Hamilton,-42.77,84.41,57
Hanno,-56.46,71.38,59
Hansen,14.04,72.54,41
Hansteen,-11.53,307.94,44
Harden,5.46,143.55,14
Harding,43.54,288.34,22
Haret,-58.77,183.81,29
Hargreaves,-2.18,64.09,18
Harkhebi,40.87,98.74,337
Harlan,-38.31,79.65,63
Harold,-10.88,353.93,1
Harpalus,52.73,316.51,39
Harriot,33.2,114.4,52
Hartmann,2.71,135.45,63
Hartwig,-6.14,279.53,78
Harvey,19.35,213.49,59
Hase,-29.37,62.68,82
Haskin,81.51,133.16,66
Hatanaka,29.33,238.08,30
Hausen,-65.11,271.51,163
Haworth,-87.45,354.83,51
Hayford,12.68,183.55,28
Hayn,64.56,83.87,86
Head,-3.01,336.58,0
Healy,32.5,249.0,37
Heaviside,-10.44,166.77,164
Hecataeus,-22.06,79.68,133
Hédervári,-81.77,85.6,74
Hedin,2.87,283.43,157
Heine,-14.4,132.0,0
Heinrich,24.84,344.63,6
Heinsius,-39.48,342.18,64
Heis,32.47,328.02,13
Helberg,22.63,257.54,61
Helicon,40.43,336.89,23
Hell,-32.41,352.2,33
Helmert,-7.56,87.67,26
Helmholtz,-68.64,65.34,110
Henderson,4.76,152.0,43
Hendrix,-46.86,200.03,16
Henry,-23.97,302.99,39
Henry Frères,-23.52,300.98,41
Henyey,12.7,207.67,68
Heraclitus,-49.31,6.42,85
Hercules,46.82,39.21,68
Herigonius,-13.36,326.03,14
Hermann,-0.87,302.53,15
Hermite,86.17,266.68,108
Herodotus,23.25,310.16,35
Heron (Hero),0.65,119.88,28
Herschel,-5.69,357.91,39
Hertz,13.32,104.56,82
Hertzsprung,1.37,231.34,536
Hesiodus,-29.42,343.58,43
Hess,-54.47,174.19,90
Hess-Apollo,20.09,30.75,0
Hevelius,2.2,292.54,113
Hevesy,83.09,149.15,49
Heymans,74.76,215.06,46
Heyrovsky,-39.55,264.58,16
H. G. Wells,40.84,122.63,108
Hilbert,-17.87,108.32,173
Hildegard,-51.68,127.74,122
Hill,20.91,40.81,15
Hind,-7.92,7.31,28
Hinshelwood,89.41,308.11,13
Hippalus,-24.92,329.58,57
Hipparchus,-5.36,4.91,143
Hippocrates,70.26,213.46,59
Hirayama,-6.01,93.63,145
Hoffmeister,15.04,136.84,44
Hogg,33.51,121.96,38
Hohmann,-17.92,265.74,16
Holden,-19.19,62.53,47
Holetschek,-27.61,151.15,37
Homer,-24.3,133.6,0
Hommel,-54.74,32.93,113
Hooke,41.14,54.86,34
Hopmann,-51.01,159.23,87
Horatio,20.19,30.71,0
Hornsby,23.8,12.51,2
Horrebow,58.8,319.07,24
Horrocks,-3.99,5.85,29
Hortensius,6.47,332.0,14
Houssay,83.11,98.52,31
Houtermans,-9.42,87.38,42
Houzeau,-17.25,236.11,76
Hubble,22.29,86.91,81
Huggins,-41.07,358.48,65
Hugo,-0.7,92.9,0
Humason,30.73,303.34,4
Humboldt,-27.02,80.96,199
Hume,-4.68,90.47,22
Husband,-40.32,212.16,31
Hussein,12.3,38.0,0
Hutton,37.22,168.68,45
Huxley,20.2,355.46,3
Hyginus,7.76,6.27,8
Hypatia,-4.25,22.58,38
Ian,25.72,359.61,1
Ibn Bajja,-86.3,284.96,11
Ibn Battuta,-6.95,50.44,11
Ibn Firnas,6.83,122.3,88
Ibn-Rushd,-11.69,21.71,31
Ibn Yunus,14.14,91.14,59
Icarus,-5.49,186.74,93
Ideler,-49.32,22.24,37
Idel'son,-81.35,112.69,59
Igor,38.3,325.0,0
Il'in,-17.8,262.32,12
Ina,18.66,5.3,2
Index,26.1,3.66,0
Ingalls,26.16,206.66,37
Inghirami,-47.49,291.05,94
Innes,27.85,119.31,42
Ioffe,-14.38,230.84,83
Isabel,28.18,325.93,1
Isaev,-17.57,147.49,94
Isidorus,-7.96,33.5,41
Isis,18.95,27.48,0
Ivan,26.86,316.74,3
Izsak,-23.32,117.59,30
Jackson,22.05,196.68,71
Jacobi,-56.82,11.3,66
James,10.2,50.4,0
Jansen,13.55,28.64,24
Jansky,8.63,89.5,73
Janssen,-44.96,40.82,200
Jarvis,-35.13,211.79,41
Jeans,-55.58,91.51,81
Jehan,20.71,328.14,4
Jenkins,0.37,78.04,37
Jenner,-42.01,95.98,73
Jerik,18.53,27.63,0
J. Herschel,62.31,318.14,154
Johnson,-8.7,89.0,0
Joliot,25.79,93.39,172
Jomo,24.41,2.44,7
José,-12.68,358.34,1
Joule,27.15,215.86,97
Joy,25.01,6.56,5
Jules Verne,-34.85,147.28,145
Julienne,26.06,3.13,1
Julius Caesar,9.17,15.21,84
Kaiser,-36.49,6.48,53
Kamerlingh Onnes,14.72,243.71,70
Kane,62.99,25.84,54
Kant,-10.62,20.2,30
Kao,-6.71,87.81,34
Kapteyn,-10.79,70.59,48
Karima,-25.93,102.98,3
Karpinskiy,72.61,166.8,91
Karrer,-52.06,217.72,55
Kasper,8.3,122.12,12
Kästner,-6.9,78.94,116
Katchalsky,5.91,116.07,32
Kathleen,25.34,359.17,5
Kearons,-11.59,247.08,27
Keeler,-9.78,161.78,158
Kekulé,16.31,221.53,94
Keldysh,51.23,43.65,32
Kepínski,28.63,126.72,31
Kepler,8.12,321.99,29
Khvol'son,-14.13,111.87,55
Kibal'chich,2.72,212.82,91
Kidinnu,35.79,122.95,55
Kies,-26.31,337.37,45
Kiess,-6.41,84.11,67
Kimura,-56.82,118.38,27
Kinau,-60.75,14.94,41
King,4.96,120.49,76
Kira,-17.71,132.83,6
Kirch,39.27,354.38,11
Kircher,-67.01,314.52,71
Kirchhoff,30.3,38.84,24
Kirkwood,68.34,203.34,68
Kiva,-8.84,15.45,0
Klaproth,-69.85,333.74,121
Klein,-11.99,2.53,43
Kleymenov,-32.48,219.64,55
Klute,36.93,218.24,77
Knox-Shaw,5.36,80.19,13
Koch,-42.13,150.33,94
Kocher,-84.47,225.98,24
Kohlschütter,14.24,153.95,56
Kolhörster,10.79,244.99,78
Kolya,38.3,325.0,0
Komarov,24.59,152.25,80
Kondratyuk,-15.33,115.8,97
König,-24.23,335.32,22
Konoplev,-28.16,235.63,27
Konstantinov,19.56,158.34,68
Kopff,-17.39,270.32,40
Korolev,-4.19,202.59,423
Kosberg,-20.19,149.61,14
Kostinskiy,14.43,118.85,67
Kostya,38.3,325.0,0
Kovalevskaya,30.86,230.56,113
Koval'skiy,-21.89,101.03,44
Kozyrev,-46.64,129.59,59
Krafft,16.56,287.28,51
Kramarov,-2.29,261.11,21
Kramers,53.28,232.02,61
Krasnov,-29.93,280.18,41
Krasovskiy,3.79,184.37,61
Kreiken,-9.05,84.55,29
Krieger,29.02,314.39,22
Krogh,9.41,65.69,19
Krusenstern,-26.3,5.76,46
Krylov,35.26,193.89,49
Kugler,-53.44,104.1,65
Kuhn,-84.48,207.52,16
Kuiper,-9.78,337.32,6
Kulik,41.98,205.37,60
Kundt,-11.57,348.43,10
Kunowsky,3.22,327.47,18
Kuo Shou Ching,8.1,225.34,33
Kurchatov,38.3,141.74,110
La Caille,-23.68,1.08,67
Lacchini,41.29,252.17,57
La Condamine,53.54,331.78,37
Lacroix,-37.93,300.8,36
Lacus Aestatis,-14.83,291.43,86
Lacus Autumni,-11.81,276.83,195
Lacus Bonitatis,23.18,44.32,122
Lacus Doloris,16.8,8.61,102
Lacus Excellentiae,-35.65,316.42,197
Lacus Felicitatis,18.52,5.36,98
Lacus Gaudii,16.33,12.27,88
Lacus Hiemalis,15.01,13.97,48
Lacus Lenitatis,14.32,12.05,78
Lacus Luxuriae,19.41,175.5,50
Lacus Mortis,45.13,27.32,158
Lacus Oblivionis,-20.39,191.48,49
Lacus Odii,19.22,7.27,72
Lacus Perseverantiae,7.84,61.93,70
Lacus Solitudinis,-27.52,103.88,122
Lacus Somniorum,37.56,30.8,424
Lacus Spei,43.46,65.2,76
Lacus Temporis,46.77,56.21,205
Lacus Timoris,-39.42,332.05,153
Lacus Veris,-16.48,274.09,382
Lade,-1.33,9.99,58
Lagalla,-44.48,337.64,88
Lagrange,-32.6,288.55,162
Lalande,-4.46,351.35,23
Lallemand,-14.4,275.79,16
Lamarck,-23.12,289.94,114
Lamb,-42.67,100.94,103
Lambert,25.77,339.01,30
Lamé,-14.76,64.56,84
Lamèch,42.79,13.15,12
Lamont,5.14,23.32,83
Lampland,-31.17,131.51,63
Landau,42.16,240.66,218
Lander,-15.34,131.81,40
Landsteiner,31.3,345.21,6
Lane,-9.5,132.36,53
Langemak,-9.93,119.45,104
Langevin,44.17,162.69,57
Langley,51.17,273.95,59
Langmuir,-35.85,231.11,91
Langrenus,-8.86,61.04,131
Lansberg,-0.31,333.37,38
La Pérouse,-10.67,76.28,80
Lara,20.17,30.55,0
Larmor,31.85,180.33,99
Lassell,-15.49,352.1,21
Last,26.13,3.64,0
Laue,28.29,262.95,89
Lauritsen,-27.54,96.31,51
Laveran,-81.8,200.22,12
Lavoisier,38.17,278.75,71
Lawrence,7.35,43.3,24
L. Clark,-43.34,212.3,15
Leakey,-3.19,37.46,12
Leavitt,-44.86,220.11,69
Lebedev,-46.8,107.89,121
Lebedinskiy,7.84,195.11,63
Lebesgue,-5.14,88.97,11
Lee,-30.66,319.24,41
Leeuwenhoek,-29.28,181.13,125
Legendre,-28.92,70.02,78
Le Gentil,-74.27,283.98,125
Lehmann,-39.96,303.83,53
Leibnitz,-38.24,179.35,236
Lemaître,-61.36,210.02,93
Le Monnier,26.66,30.5,68
Lenard,85.19,250.31,47
Lents (Lenz),2.72,257.7,21
Leonid,38.3,325.0,0
Leonov,19.07,148.36,34
Lepaute,-33.3,326.31,16
Letronne,-10.5,317.51,117
Leucippus,29.24,243.59,57
Leuschner,1.67,250.95,50
Lev,12.69,62.2,0
Le Verrier,40.33,339.39,20
Levi-Civita,-23.34,143.14,108
Lewis,-18.51,245.77,40
Lexell,-35.78,355.73,63
Ley,42.11,154.84,81
Licetus,-47.19,6.54,75
Lichtenberg,31.85,292.28,19
Lick,12.36,52.84,31
Liebig,-24.35,311.7,38
Light Mantle,20.16,30.53,4
Lilius,-54.6,6.09,61
Linda,30.69,326.62,1
Lindbergh,-5.41,52.9,13
Lindblad,70.03,260.78,59
Lindenau,-32.35,24.77,53
Lindsay,-7.0,13.01,32
Linné,27.75,11.8,2
Liouville,2.73,73.57,16
Li Po,-3.5,90.6,0
Lippershey,-25.96,349.62,6
Lippmann,-55.43,245.68,160
Lipskiy,-2.15,180.62,91
Litke (Lütke),-16.76,123.12,38
Little West,0.67,23.48,0
Littrow,21.5,31.39,28
Lobachevskiy,9.76,113.07,87
Lockyer,-46.27,36.59,35
Lodygin,-17.42,213.22,56
Loewy,-22.69,327.15,22
Lohrmann,-0.44,292.62,31
Lohse,-13.76,60.31,43
Lomonosov,27.35,98.28,90
Longfellow,-7.5,91.3,0
Longomontanus,-49.55,338.12,145
Lorca,24.4,10.9,0
Lorentz,34.59,262.81,378
Louise,28.49,325.8,0
Louville,44.12,313.96,34
Love,-6.33,129.17,90
Lovelace,82.08,250.49,57
Lovell,-36.74,217.53,35
Lowell,-12.97,256.58,62
Lubbock,-3.99,41.79,14
Lubiniezky,-17.88,336.11,42
Lucian,14.34,36.78,6
Lucretius,-8.22,238.76,64
Ludwig,-7.72,97.45,23
Lundmark,-38.87,152.56,103
Luther,33.2,24.15,9
Lyapunov,26.43,89.36,67
Lyell,13.63,40.56,31
Lyman,-64.96,162.47,83
Lyot,-50.47,84.8,150
Mach,18.13,210.76,174
Mackin,20.1,30.73,0
Maclaurin,-1.92,67.99,54
Maclear,10.52,20.1,20
MacMillan,24.2,352.15,6
Macrobius,21.26,45.97,62
Mädler,-11.04,29.76,27
Maestlin,4.9,319.28,6
Magelhaens,-11.98,44.07,37
Maginus,-50.03,354.02,155
Main,80.87,10.41,47
Mairan,41.6,316.5,39
Maksutov,-40.75,191.35,83
Malapert,-85.0,11.4,72
Malinkin,-87.22,75.94,8
Mallet,-45.41,54.05,58
Malyy,22.03,105.56,41
Mandel'shtam,5.7,162.39,181
M. Anderson,-41.21,211.01,16
Manilius,14.45,9.07,38
Mann,-23.1,120.1,0
Manners,4.57,19.99,15
Manuel,24.47,11.36,0
Manzinus,-67.51,26.37,95
Maraldi,19.36,34.8,39
Marci,22.23,192.43,24
Marconi,-9.48,145.2,72
Marco Polo,15.52,357.95,28
Mare Anguis,22.43,67.58,145
Mare Australe,-47.77,91.99,996
Mare Cognitum,-10.53,337.69,350
Mare Crisium,16.18,59.1,555
Mare Fecunditatis,-7.83,53.67,840
Mare Frigoris,57.59,359.99,1446
Mare Humboldtianum,56.92,81.54,230
Mare Humorum,-24.48,321.43,419
Mare Imbrium,34.72,345.09,1145
Mare Ingenii,-33.25,164.83,282
Mare Insularum,7.79,329.36,511
Mare Marginis,12.7,86.52,357
Mare Moscoviense,27.28,148.12,275
Mare Nectaris,-15.19,34.6,339
Mare Nubium,-20.59,342.71,714
Mare Orientale,-19.87,265.33,294
Mare Serenitatis,27.29,18.36,674
Mare Smythii,-1.71,87.05,373
Mare Spumans,1.3,65.3,143
Mare Tranquillitatis,8.35,30.83,875
Mare Undarum,7.49,68.66,244
Mare Vaporum,13.2,4.09,242
Marinus,-39.38,76.57,56
Mariotte,-28.46,220.94,70
Marius,11.9,309.16,40
Markov,53.43,297.16,39
Marth,-31.16,330.65,6
Mary,18.93,27.39,0
Maskelyne,2.16,30.04,22
Mason,42.7,30.51,33
Maunder,-14.52,266.12,53
Maupertuis,49.7,332.72,45
Maurolycus,-41.77,13.92,115
Maury,37.11,39.69,16
Mavis,29.76,333.64,1
Maxwell,29.9,98.53,109
McAdie,2.11,92.22,41
McAuliffe,-33.24,210.23,19
McClure,-15.32,50.24,23
McCool,-41.28,213.74,20
McDonald,30.39,339.12,6
McKellar,-15.72,189.14,50
McLaughlin,47.01,267.17,75
McMath,16.63,193.91,88
McNair,-35.93,212.05,32
McNally,22.5,232.35,47
Mechnikov,-10.47,211.01,58
Mee,-43.63,324.81,134
Mees,13.57,263.82,51
Meggers,24.3,122.94,51
Meitner,-10.87,113.1,87
Melissa,8.12,121.78,17
Mendel,-48.83,250.14,139
Mendeleev,5.38,141.17,325
Menelaus,16.26,15.93,27
Menzel,3.41,36.94,3
Mercator,-29.25,333.89,46
Mercurius,46.66,66.07,64
Merrill,74.83,242.55,56
Mersenius,-21.49,310.66,84
Meshcherskiy,12.11,125.53,65
Messala,39.31,60.06,122
Messier,-1.9,47.65,13
Metius,-40.42,43.37,83
Meton,73.57,19.63,124
Mezentsev,71.77,230.36,84
Michael,25.05,0.21,3
Michelson,6.72,238.45,123
Middle Crescent,-3.0,336.57,0
Milankovič,76.53,171.35,94
Milichius,10.01,329.77,12
Miller,-39.37,0.78,61
Millikan,46.76,121.52,93
Mills,8.54,155.74,35
Milne,-31.0,112.78,259
Milton,-1.6,90.9,0
Mineur,24.67,198.27,72
Minkowski,-56.13,214.2,107
Minnaert,-67.54,178.57,137
Mitchell,49.77,20.17,32
Mitra,17.76,205.35,97
Möbius,15.63,101.13,48
Mohorovičić,-18.73,195.17,49
Moigno,66.27,28.8,36
Moiseev,9.44,103.26,61
Moissan,4.77,137.45,22
Moltke,-0.59,24.16,6
Monge,-19.24,47.54,36
Monira,-12.54,358.27,1
Mons Agnes,18.66,5.34,0
Mons Ampère,19.32,356.29,29
Mons André,5.18,120.56,10
Mons Ardeshir,5.03,121.04,7
Mons Argaeus,19.33,29.01,61
Mons Bradley,21.73,0.38,76
Mons Delisle,29.42,324.21,32
Mons Dieter,5.0,120.3,20
Mons Dilip,5.58,120.87,1
Mons Esam,14.61,35.71,7
Mons Euler,23.3,330.8,0
Mons Ganau,4.79,120.59,13
Mons Gruithuisen Delta,36.07,320.41,27
Mons Gruithuisen Gamma,36.56,319.28,19
Mons Hadley,26.69,4.12,26
Mons Hadley Delta,25.72,3.71,17
Mons Hansteen,-12.19,309.79,30
Mons Herodotus,27.5,307.06,6
Mons Huygens,19.92,357.14,41
Mons La Hire,27.66,334.49,21
Mons Maraldi,20.34,35.5,15
Mons Moro,-11.84,340.16,13
Mons Penck,-10.0,21.74,37
Mons Pico,45.82,351.13,24
Mons Piton,40.72,359.08,22
Mons Rümker,40.76,301.62,73
Mons Usov,11.91,63.26,13
Mons Vinogradov,22.35,327.48,28
Mons Vitruvius,19.33,30.74,44
Mons Wolff,16.88,353.2,32
Montaigne,-4.4,99.5,0
Montanari,-45.83,339.24,77
Mont Blanc,45.41,0.44,21
Montes Agricola,29.06,305.93,159
Montes Alpes,48.36,359.42,334
Montes Apenninus,19.87,0.03,599
Montes Archimedes,25.39,354.75,146
Montes Carpatus,14.57,336.38,333
Montes Caucasus,37.52,9.93,443
Montes Cordillera,-19.44,265.07,963
Montes Haemus,17.11,12.03,384
Montes Harbinger,26.89,318.71,92
Montes Jura,47.49,323.89,420
Montes Pyrenaeus,-14.05,41.51,251
Montesquieu,-6.2,92.3,0
Montes Recti,48.3,340.28,83
Montes Riphaeus,-7.48,332.4,190
Montes Rook,-19.49,265.05,682
Montes Secchi,2.72,43.17,52
Montes Spitzbergen,34.47,354.79,59
Montes Taurus,27.32,40.34,166
Montes Teneriffe,47.89,346.81,111
Montgolfier,47.06,199.92,83
Moore,37.25,182.45,52
Moretus,-70.63,354.05,114
Morley,-2.82,64.62,13
Morozov,4.62,127.33,41
Morse,21.9,184.71,72
Moseley,20.95,269.8,88
Mösting,-0.7,354.12,24
Mouchez,78.38,333.18,82
Moulton,-60.91,97.57,54
Mount Marilyn,1.13,40.0,30
Müller,-7.64,2.04,23
Murakami,-23.38,219.03,44
Murchison,5.07,359.79,57
Mutus,-63.65,29.93,76
Nagaoka,19.51,154.05,50
Nansen,81.17,95.38,116
Nansen-Apollo,20.11,30.53,0
Naonobu,-4.7,57.93,32
Nasireddin,-41.04,0.14,51
Nasmyth,-50.49,303.61,78
Nassau,-24.91,177.34,75
Natasha,19.98,328.84,10
Naumann,35.38,297.98,9
Neander,-31.35,39.88,49
Nearch,-58.58,39.01,72
Necho,-5.25,123.24,36
Nefed'ev,-81.07,135.77,52
Neison,68.21,25.02,51
Neper,8.76,84.58,144
Nernst,35.57,265.36,121
Neujmin,-26.68,125.17,97
Neumayer,-71.16,70.92,84
Newcomb,29.76,43.67,39
Newton,-76.52,342.56,83
Nicholson,-26.22,274.79,38
Nicolai,-42.47,25.87,40
Nicollet,-21.95,347.5,14
Nielsen,31.8,308.24,9
Niepce,72.2,239.85,59
Nijland,33.19,134.17,35
Nikolaev,35.08,151.28,42
Nikolya,38.3,325.0,0
Nishina,-44.57,189.2,62
Nobel,14.73,258.61,50
Nobile,-85.28,53.27,79
Nobili,0.17,75.95,41
Nöggerath,-48.82,314.16,32
Nonius,-34.9,3.79,70
Norman,-11.78,329.65,9
North Complex,26.25,3.59,3
North Massif,20.54,30.72,16
North Ray,-8.82,15.48,0
Nöther (Noether),66.35,245.82,64
Novalis,-11.7,84.7,0
Numerov,-70.52,197.8,105
Nunn,4.62,91.15,18
Nušl,32.19,167.45,60
Oberth,62.49,154.84,49
Obruchev,-38.67,162.43,72
Oceanus Procellarum,20.67,303.32,2592
O'Day,-30.42,157.29,70
Oenopides,57.13,295.8,73
Oersted,43.09,47.25,42
Ohm,18.32,246.22,61
Oken,-43.76,76.09,78
Olbers,7.3,283.86,73
Olcott,20.57,117.79,79
Old Nameless,-3.72,342.58,0
Olivier,58.72,138.44,78
Omar Khayyam,58.21,257.78,68
Onizuka,-36.38,210.21,26
Opelt,-16.32,342.36,48
Oppenheimer,-35.32,193.97,201
Oppolzer,-1.52,359.55,40
Oresme,-42.61,169.22,82
Orlov,-25.77,184.92,72
Orontius,-40.37,356.04,121
Osama,18.61,5.27,0
Osiris,18.65,27.65,0
Osman,-10.98,353.75,1
Ostwald,10.24,121.95,108
Palisa,-9.47,352.81,33
Palitzsch,-28.02,64.39,41
Pallas,5.48,358.35,49
Palmetto,-8.92,15.5,0
Palmieri,-28.64,312.2,39
Palus Epidemiarum,-32.0,332.46,300
Palus Putredinis,27.36,0.0,180
Palus Somni,13.69,44.72,163
Paneth,62.6,265.37,60
Pannekoek,-4.2,140.69,67
Papaleksi,10.15,163.95,92
Paracelsus,-22.92,163.44,85
Paraskevopoulos,50.09,209.66,98
Parenago,25.88,251.09,94
Parkhurst,-33.29,103.69,93
Parrot,-14.57,3.29,70
Parry,-7.88,344.22,47
Parsons,37.25,188.84,41
Pascal,74.36,289.37,108
Paschen,-14.06,219.47,127
Pasteur,-11.58,104.91,232
Patricia,24.91,0.5,10
Patsaev,-16.77,133.6,55
Pauli,-44.76,137.35,95
Pavlov,-28.28,142.4,143
Pawsey,44.24,145.29,59
Peary,88.63,24.4,78
Pease,12.51,253.7,40
Peek,2.76,86.96,12
Peirce,18.26,53.35,18
Peirescius,-46.4,67.8,61
Pentland,-64.57,11.34,56
Perel'man,-24.05,106.01,48
Perepelkin,-9.99,128.8,88
Perkin,47.02,184.27,62
Perrine,42.11,232.05,87
Petavius,-25.39,60.78,184
Petermann,74.35,67.89,76
Peters,68.07,29.39,14
Petit,2.32,63.46,5
Petrie,45.14,108.47,32
Petropavlovskiy,36.92,244.72,64
Petrov,-61.36,88.18,55
Pettit,-27.52,273.25,36
Petzval,-62.73,249.17,93
Phillips,-26.57,75.67,104
Philolaus,72.22,327.12,71
Phocylides,-52.79,302.69,115
Piazzi,-36.16,291.99,102
Piazzi Smyth,41.91,356.76,12
Picard,14.57,54.72,22
Piccolomini,-29.7,32.2,87
Pickering,-2.88,6.99,15
Pictet,-43.56,352.51,59
Pierazzo,3.3,259.76,9
Pikel'ner,-48.37,124.25,40
Pilâtre,-60.17,273.3,64
Pingré,-58.64,286.05,88
Pirandello,2.8,88.8,0
Pirquet,-20.34,139.93,62
Pitatus,-29.88,346.47,100
Pitiscus,-50.61,30.57,79
Pizzetti,-35.06,119.29,53
Plain,26.15,3.64,2
Plana,42.25,28.22,42
Planck,-57.27,135.34,319
Planitia Descensus,7.18,295.85,0
Planté,-10.22,163.26,36
Plaskett,81.63,176.71,114
Plato,51.62,350.62,100
Playfair,-23.56,8.45,49
Plinius,15.36,23.61,41
Plum,-8.98,15.45,0
Plummer,-24.62,205.14,75
Plutarch,24.18,79.05,69
Poczobutt,57.27,260.77,212
Pogson,-42.38,111.11,40
Poincaré,-56.86,163.99,345
Poinsot,78.9,213.79,65
Poisson,-30.34,10.56,41
Polybius,-22.46,25.63,40
Polzunov,25.57,115.01,66
Pomortsev,0.74,66.91,25
Poncelet,75.91,305.43,67
Pons,-25.43,21.55,39
Pontanus,-28.42,14.36,55
Pontécoulant,-58.78,66.07,91
Pope,-9.5,89.0,0
Popov,16.93,99.38,71
Porter,-56.15,349.82,51
Posidonius,31.88,29.99,95
Powell,20.16,30.76,0
Poynting,17.5,226.62,127
Prager,-3.99,130.78,53
Prandtl,-59.62,141.54,87
Priestley,-56.71,108.47,54
Prinz,25.49,315.86,46
Priscilla,-10.96,353.79,1
Proclus,16.09,46.89,26
Proctor,-46.43,354.96,47
Promontorium Agarum,13.87,65.73,62
Promontorium Agassiz,42.4,1.77,18
Promontorium Archerusia,16.8,21.94,11
Promontorium Deville,43.31,1.14,16
Promontorium Fresnel,28.63,4.75,20
Promontorium Heraclides,40.6,325.9,50
Promontorium Kelvin,-26.95,326.55,45
Promontorium Laplace,46.84,334.49,50
Promontorium Taenarium,-18.63,352.66,70
Protagoras,56.02,7.34,21
Ptolemaeus,-9.16,358.16,153
Puiseux,-27.82,320.81,24
Pupin,23.87,349.0,2
Purbach,-25.51,357.97,114
Purkyně,-1.54,94.86,50
Pythagoras,63.68,297.02,144
Pytheas,20.57,339.41,18
Quetelet,42.66,224.7,54
Rabbi Levi,-34.78,23.46,82
Racah,-13.5,180.13,71
Racine,-8.3,99.0,0
Raimond,14.78,200.37,68
Raman,26.96,304.84,10
Ramon,-41.23,211.92,17
Ramsay,-40.02,145.04,61
Ramsden,-32.96,328.13,25
Rankine,-3.87,71.49,10
Raspletin,-22.41,151.75,45
Ravi,-12.5,358.03,1
Ravine,-8.84,15.56,1
Rayet,44.65,114.5,27
Rayleigh,29.12,89.45,113
Razumov,38.95,245.37,75
Réaumur,-2.45,0.73,51
Recht,9.76,123.99,19
Regiomontanus,-28.28,358.91,126
Regnault,54.04,272.12,51
Reichenbach,-30.48,47.95,64
Reimarus,-47.69,60.42,47
Reiner,6.92,305.02,29
Reiner Gamma,7.39,301.04,73
Reinhold,3.28,337.14,43
Repsold,51.31,281.59,108
Resnik,-34.15,209.16,22
Respighi,2.86,71.9,17
Rhaeticus,0.03,4.92,44
Rheita,-37.1,47.17,70
Rhysling,26.07,3.62,0
Riccioli,-2.9,285.58,155
Riccius,-37.02,26.43,71
Ricco,74.92,177.05,65
Richards,7.7,140.09,16
Richardson,30.93,99.89,162
Riedel,-48.89,219.95,49
Riemann,39.38,87.18,117
Rima Agatharchides,-20.38,331.44,54
Rima Agricola,29.25,306.58,125
Rima Archytas,53.63,3.0,90
Rima Ariadaeus,6.48,13.44,247
Rima Artsimovich,26.66,321.35,68
Rima Billy,-14.74,311.96,69
Rima Birt,-21.4,350.72,54
Rima Bradley,24.17,359.4,133
Rima Brayley,22.3,323.65,327
Rima Calippus,37.03,12.66,40
Rima Cardanus,11.32,288.86,221
Rima Carmen,19.95,29.3,15
Rima Cauchy,10.42,38.07,167
Rima Cleomedes,27.98,56.51,45
Rima Cleopatra,30.03,306.2,14
Rima Conon,18.69,1.85,37
Rima Dawes,17.58,26.63,15
Rima Delisle,30.87,327.65,57
Rima Diophantus,28.7,326.33,201
Rima Draper,17.37,334.63,244
Rimae Alphonsus,-13.4,358.06,87
Rimae Apollonius,4.39,54.33,89
Rimae Archimedes,26.34,355.47,215
Rimae Aristarchus,27.52,312.75,175
Rimae Arzachel,-18.31,358.62,57
Rimae Atlas,46.82,44.42,46
Rimae Bode,9.54,356.78,233
Rimae Boscovich,9.87,11.27,32
Rimae Bürg,44.7,25.27,98
Rimae Chacornac,29.01,31.24,100
Rimae Daniell,37.53,24.33,140
Rimae Darwin,-19.84,293.34,170
Rimae de Gasparis,-24.99,309.7,46
Rimae Doppelmayer,-26.23,315.47,7
Rimae Focas,-27.68,262.46,61
Rimae Fresnel,28.11,3.73,75
Rimae Gassendi,-17.47,320.13,70
Rimae Gerard,45.54,275.64,110
Rimae Goclenius,-7.84,42.88,190
Rimae Golitsyn,-25.1,255.0,0
Rimae Grimaldi,-6.18,296.1,162
Rimae Gutenberg,-4.42,36.42,223
Rimae Hase,-34.71,67.78,257
Rimae Herigonius,-13.92,323.25,180
Rimae Hevelius,0.81,293.62,180
Rimae Hippalus,-25.6,330.64,266
Rimae Hypatia,-0.34,22.78,200
Rimae Janssen,-45.8,39.26,120
Rimae Kopff,-14.68,271.9,250
Rimae Liebig,-20.0,315.0,0
Rimae Littrow,22.47,30.47,165
Rimae Maclear,12.23,19.9,94
Rimae Maestlin,2.88,319.52,71
Rimae Maupertuis,51.24,337.18,50
Rimae Menelaus,17.1,17.77,87
Rimae Mersenius,-20.69,313.47,240
Rimae Opelt,-13.64,341.86,55
Rimae Palmieri,-27.83,312.83,27
Rimae Parry,-8.07,343.48,210
Rimae Petavius,-25.23,60.48,110
Rimae Pettit,-25.22,266.37,320
Rimae Pitatus,-29.84,346.38,90
Rimae Plato,50.88,356.98,180
Rimae Plinius,17.05,23.14,100
Rimae Posidonius,32.03,29.61,78
Rimae Prinz,27.05,316.49,10
Rimae Ramsden,-32.93,328.68,100
Rimae Repsold,50.74,279.54,152
Rimae Riccioli,-1.52,286.93,250
Rimae Ritter,3.5,17.97,75
Rimae Römer,26.98,34.86,112
Rimae Secchi,0.99,44.08,35
Rimae Sirsalis,-15.01,298.64,405
Rimae Sosigenes,8.08,18.72,130
Rimae Stadius,10.5,346.3,0
Rimae Sulpicius Gallus,20.65,9.99,80
Rimae Taruntius,5.83,46.83,35
Rimae Theaetetus,33.04,5.87,53
Rimae Triesnecker,5.1,4.83,200
Rima Euler,21.08,329.69,104
Rimae Vasco da Gama,11.55,275.97,10
Rimae Zupus,-15.46,306.24,130
Rima Flammarion,-2.38,355.33,49
Rima Furnerius,-35.3,61.17,65
Rima Galilaei,12.91,300.8,185
Rima Gärtner,58.84,35.77,42
Rima Gay-Lussac,13.18,337.67,40
Rima G. Bond,32.86,35.25,166
Rima Hadley,25.72,3.15,116
Rima Hansteen,-12.09,307.01,30
Rima Hase,-29.4,62.5,0
Rima Hesiodus,-30.54,338.15,251
Rima Hyginus,7.62,6.77,203
Rima Jansen,14.5,29.51,45
Rima Krieger,29.29,313.74,22
Rima Laplace,48.0,334.0,0
Rima Mairan,38.28,313.17,120
Rima Marcello,18.59,27.74,3
Rima Marco Polo,15.4,358.0,0
Rima Marius,16.37,310.46,283
Rima Messier,-0.76,44.55,74
Rima Milichius,8.03,327.13,140
Rima Newcomb,29.9,43.8,0
Rima Oppolzer,-1.53,1.28,94
Rima Ptolemaeus,-9.2,358.2,0
Rima Réaumur,-2.84,2.47,30
Rima Reiko,18.55,27.71,4
Rima Rudolf,19.71,29.62,8
Rima Schröter,26.0,309.0,150
Rima Schröter,1.28,353.75,27
Rima Sharp,46.02,309.64,276
Rima Sheepshanks,58.28,23.69,157
Rima Siegfried,-25.82,103.01,13
Rima Suess,6.62,312.86,156
Rima Sung-Mei,24.59,11.28,3
Rima T. Mayer,13.26,328.63,67
Rima Vladimir,25.2,359.25,10
Rima Wan-Yu,19.98,328.57,13
Rima Widmannstätten,-6.1,85.5,0
Rima Yangel',16.62,4.79,30
Rima Zahia,25.02,329.54,15
Ritchey,-11.13,8.48,24
Rittenhouse,-74.25,107.07,27
Ritter,1.96,19.17,29
Ritz,-15.37,92.38,53
Robert,19.03,27.45,0
Roberts,70.66,185.75,89
Robertson,21.84,254.63,89
Robinson,59.06,313.97,24
Rocca,-12.89,287.11,84
Rocco,28.91,315.0,4
Roche,-42.37,136.54,152
Romeo,7.53,122.68,7
Römer,25.43,36.41,43
Röntgen,32.88,268.58,128
Rosa,20.31,327.7,0
Rosenberger,-55.49,43.15,91
Ross,11.67,21.74,24
Rosse,-17.95,34.98,11
Rosseland,-40.82,130.68,67
Rost,-56.42,326.16,46
Rothmann,-30.81,27.7,41
Rowland,56.98,197.52,166
Rozhdestvenskiy,84.99,202.11,181
Rumford,-28.81,190.2,60
Runge,-2.43,86.81,38
Rupes Altai,-24.32,23.12,545
Rupes Boris,30.67,326.4,8
Rupes Cauchy,9.31,37.08,169
Rupes Kelvin,-28.03,326.83,85
Rupes Liebig,-25.14,314.08,144
Rupes Mercator,-30.21,337.16,132
Rupes Recta,-21.67,352.3,115
Rupes Toscanelli,26.97,312.47,50
Russell,26.51,284.45,103
Ruth,28.71,314.94,3
Rutherford,10.56,137.09,15
Rutherfurd,-61.15,347.75,49
Rydberg,-46.43,263.57,48
Ryder,-43.87,143.3,15
Rynin,46.78,256.27,77
Sabatier,13.19,79.01,9
Sabine,1.38,20.07,29
Sacrobosco,-23.75,16.64,97
Saenger,4.49,102.8,74
Šafařík,10.44,176.7,31
Saha,-1.69,103.04,103
Samir,28.5,325.71,1
Sampson,29.58,343.47,1
Sanford,32.38,220.79,55
Santbech,-20.99,44.06,62
Santos-Dumont,27.79,4.75,8
Sappho,-25.0,133.2,0
Sarabhai,24.75,21.0,7
Sarton,49.12,238.86,71
Sasserides,-39.28,350.56,81
Saunder,-4.26,8.72,44
Saussure,-43.38,356.12,54
Scaliger,-27.26,109.14,86
Scarp,20.29,30.59,14
Schaeberle,-26.33,117.71,56
Scheele,-9.45,322.15,4
Scheiner,-60.35,332.19,110
Schiaparelli,23.38,301.18,24
Schickard,-44.38,304.89,212
Schiller,-51.72,320.22,179
Schjellerup,69.04,158.24,62
Schlesinger,47.12,221.02,97
Schliemann,-1.99,155.12,77
Schlüter,-5.93,276.61,87
Schmidt,0.96,18.78,11
Schneller,41.34,196.27,56
Schomberger,-76.64,24.69,85
Schönfeld,44.76,262.0,24
Schorr,-19.45,89.8,52
Schrödinger,-74.73,132.93,316
Schröter,2.74,353.02,36
Schubert,2.78,81.01,51
Schumacher,42.42,60.81,61
Schuster,4.44,146.42,100
Schwabe,65.1,45.48,25
Schwarzschild,70.08,121.57,211
Scobee,-31.36,210.36,41
Scoresby,77.73,14.13,54
Scott,-82.35,48.52,107
Sculptured Hills,20.24,31.06,12
Seares,73.74,147.23,99
Secchi,2.4,43.56,22
Sechenov,-6.97,216.91,63
Seeliger,-2.22,3.0,8
Segers,46.99,127.52,17
Segner,-58.96,311.32,67
Seidel,-32.65,152.47,55
Seleucus,21.09,293.34,45
Seneca,26.71,79.81,47
Seyfert,29.26,114.34,102
Shackleton,-89.67,129.78,20
Shahinaz,7.58,122.42,15
Shakespeare,20.24,30.82,0
Shaler,-32.89,274.73,48
Shapley,9.35,56.83,24
Sharonov,12.37,173.1,75
Sharp,45.75,319.78,37
Sharp-Apollo,-3.02,336.57,0
Shatalov,24.26,140.48,24
Shayn,32.52,172.42,92
Sheepshanks,59.24,17.04,23
Shekhov (Chekhov),-6.6,82.0,0
Sherlock,20.18,30.81,0
Sherrington,-11.13,118.0,18
Shirakatsi,-12.18,128.56,48
Shi Shen,75.78,104.13,46
Shoemaker,-88.14,45.91,51
Short,-74.54,352.32,67
Shorty,20.22,30.63,0
Shternberg (Sternberg),19.38,243.18,74
Shuckburgh,42.65,52.71,37
Shuleykin,-27.11,267.33,14
Siedentopf,22.05,135.08,62
Sierpinski,-26.93,154.81,66
Sikorsky,-65.89,103.65,97
Silberschlag,6.21,12.53,12
Simpelius,-72.61,14.74,68
Sinas,8.85,31.6,11
Sinus Aestuum,12.1,351.66,316
Sinus Amoris,19.92,37.29,189
Sinus Asperitatis,-5.41,27.49,219
Sinus Concordiae,10.98,42.47,159
Sinus Fidei,17.99,2.04,70
Sinus Honoris,11.72,17.87,111
Sinus Iridum,45.01,328.33,249
Sinus Lunicus,32.36,358.15,119
Sinus Medii,1.63,1.03,286
Sinus Roris,50.26,309.14,195
Sinus Successus,1.12,58.52,126
Sirsalis,-12.49,299.49,44
Sisakyan,41.07,109.13,35
Sita,4.61,120.7,1
Sklodowska,-18.04,96.15,125
Slater,-88.08,111.29,25
Slava,38.3,325.0,0
Slipher,49.28,160.27,74
Slocum,-3.15,89.07,12
Smith,-31.79,208.99,32
Smithson,2.38,53.64,6
Smoky Mountains,-8.67,15.51,13
Smoluchowski,60.22,263.09,84
Snellius,-29.33,55.7,85
Sniadecki,-22.29,191.16,41
Snowman,-3.02,336.58,0
Soddy,0.45,121.77,40
Somerville,-8.33,64.96,17
Sommerfeld,64.83,198.46,150
Sömmering,0.19,352.47,27
Sophocles,-21.5,119.8,0
Soraya,-12.87,358.37,1
Sosigenes,8.7,17.6,16
South,57.58,309.06,119
South Cluster,26.02,3.71,3
South Massif,19.91,30.35,18
South Ray,-9.15,15.38,0
Spallanzani,-46.38,24.73,30
Spencer Jones,13.06,165.84,88
Spook,-8.98,15.48,0
Spörer,-4.3,358.23,25
Spot,-8.98,15.5,0
Spur,25.98,3.67,0
Spurr,27.91,358.73,13
Stadius,10.48,346.23,68
Stark,-25.43,134.59,47
Statio Tranquillitatis,0.67,23.47,0
Stearns,34.68,162.6,38
Stebbins,64.36,217.36,129
Stefan,46.33,251.23,112
Stein,7.0,179.11,30
Steinheil,-48.71,46.66,63
Steklov,-36.73,254.95,36
Stella,19.91,29.76,0
Steno,32.61,161.78,32
Steno-Apollo,20.15,30.79,0
Sternfeld,-19.75,217.73,109
Stetson,-39.58,241.8,63
Stevinus,-32.49,54.14,71
Stewart,2.15,66.98,13
St. George,25.96,3.54,2
Stiborius,-34.49,31.99,43
St. John,10.07,149.98,66
Stöfler,-41.24,5.93,129
Stokes,52.36,271.89,53
Stoletov,44.82,204.5,42
Stone Mountain,-9.17,15.57,10
Stoney,-55.58,203.62,47
Störmer,57.14,146.65,68
Strabo,61.94,54.42,54
Stratton,-5.6,164.7,69
Street,-46.58,349.26,58
Strömgren,-21.74,227.63,62
Struve,23.41,283.35,164
Stubby,-9.1,15.49,0
Subbotin,-29.32,135.71,71
Suess,4.36,312.28,8
Sulpicius Gallus,19.63,11.68,11
Sumner,37.62,108.76,52
Sundman,10.76,268.31,41
Sung-Mei,24.58,11.28,4
Surveyor,-3.01,336.58,0
Susan,-11.0,353.7,0
Svedberg,-81.68,65.15,15
Sverdrup,-88.32,206.61,32
Swann,51.96,112.52,42
Swasey,-5.46,89.67,24
Swift,19.35,53.44,10
Sylvester,82.65,278.78,59
Szilard,33.71,105.78,127
Tacchini,5.08,85.82,42
Tacitus,-16.2,18.95,39
Tacquet,16.64,19.2,6
Tai Wei,44.15,340.51,0
Taizo,24.7,2.2,8
Talbot,-2.47,85.3,12
Tamm,-4.32,146.38,40
Tannerus,-56.44,21.92,28
Taruntius,5.5,46.54,57
Tasso,-0.7,92.0,0
Taurus-Littrow Valley,20.07,30.79,21
Taylor,-5.28,16.65,36
Tebbutt,9.46,53.52,33
Teisserenc,31.96,223.72,62
Tempel,3.76,11.86,43
Ten Bruggencate,-9.58,134.66,59
Tereshkova,28.21,143.84,31
Terrace,26.15,3.56,1
Tesla,38.36,124.73,41
Thales,61.74,50.27,30
Tharp,-30.6,145.63,13
Theaetetus,37.01,6.06,24
Thebit,-22.01,355.98,54
Theiler,13.36,82.85,8
Theon Junior,-2.41,15.79,17
Theon Senior,-0.81,15.42,18
Theophilus,-11.45,26.28,98
Theophrastus,17.46,39.06,8
Thiel,40.17,225.44,35
Thiessen,74.86,190.5,66
Thomson,-32.32,166.04,117
Tian Shi,44.1,340.55,0
Tikhomirov,24.2,161.33,86
Tikhov,61.66,172.29,83
Tiling,-52.85,226.89,38
Timaeus,62.91,359.45,32
Timiryazev,-5.09,212.85,52
Timocharis,26.72,346.9,34
Tiselius,6.89,176.7,53
Tisserand,21.41,48.17,34
Titius,-26.75,100.66,68
Titov,28.55,150.29,29
T. Mayer,15.54,330.83,33
Tolansky,-9.52,344.02,13
Tolstoy,-4.2,93.3,0
Torricelli,-4.72,28.4,30
Tortilla Flat,20.19,30.6,2
Toscanelli,27.96,312.39,7
Townley,3.42,63.19,17
Tralles,28.32,52.85,44
Trap,-9.05,15.44,0
Trident,20.18,30.77,0
Triesnecker,4.18,3.6,24
Triplet,-3.65,342.53,0
Trouvelot,49.37,5.79,8
Trumpler,29.33,167.14,76
Tsander (Zander),5.39,210.31,159
Tseraskiy (Ceraski),-48.66,142.64,65
Tsinger (Zinger),56.54,175.71,44
Tsiolkovskiy,-20.38,128.97,184
Tsu Chung-Chi,17.16,145.16,28
Tucker,-5.62,88.21,6
Turner,-1.4,346.76,11
Tycho,-43.3,348.78,85
Tyndall,-35.2,117.64,20
Ukert,7.71,1.37,21
Ulugh Beigh,32.67,278.04,57
Undest,26.13,341.54,6
Urey,27.93,87.43,39
Väisälä,25.9,312.1,8
Valera,38.3,325.0,0
Valier,6.65,174.26,65
Vallis Alpes,49.21,3.63,155
Vallis Baade,-45.55,282.77,206
Vallis Bohr,10.25,271.14,95
Vallis Bouvard,-38.45,277.68,287
Vallis Capella,-7.39,35.04,106
Vallis Christel,24.54,11.08,2
Vallis Inghirami,-43.95,287.41,145
Vallis Krishna,24.5,11.26,2
Vallis Palitzsch,-26.16,64.64,110
Vallis Planck,-57.26,126.16,502
Vallis Rheita,-42.51,51.65,509
Vallis Schrödinger,-66.52,104.88,301
Vallis Schröteri,26.16,308.42,185
Vallis Snellius,-30.93,57.84,640
van Albada,9.36,64.35,22
Van Biesbroeck,28.77,314.41,9
Van de Graaff,-27.04,172.01,240
Van den Bergh,30.91,200.79,43
van den Bos,-5.26,145.95,25
Van der Waals,-43.56,119.98,113
Van Gent,15.42,160.27,44
Van Maanen,36.03,128.18,46
van Rhijn,52.47,146.37,46
Van Serg,20.23,30.83,0
van't Hoff,61.75,227.32,107
Van Vleck,-1.77,78.2,33
Van Wijk,-62.5,119.06,31
Vasco da Gama,13.78,276.06,93
Vashakidze,43.65,93.01,44
Vasya,38.3,325.0,0
Vavilov,-0.87,221.23,98
Vega,-45.41,63.27,73
Vendelinus,-16.46,61.55,141
Vening Meinesz,-0.1,162.51,88
Ventris,-4.77,157.97,100
Vera,26.33,316.29,2
Vergil,-26.3,133.0,0
Vernadskiy,23.11,130.43,91
Verne,24.95,334.62,1
Vertregt,-19.3,171.12,172
Very,25.62,25.35,4
Vesalius,-3.23,114.79,64
Vestine,33.87,93.68,97
Vetchinkin,9.77,131.08,94
Victory,20.22,30.67,0
Vieta,-29.31,303.47,87
Vil'ev,-5.76,144.39,45
Vinogradov,19.96,328.82,11
Virchow,9.88,83.77,18
Virtanen,15.64,176.74,39
Vitello,-30.42,322.45,42
Vitruvius,17.66,31.28,30
Vitya,38.3,325.0,0
Viviani,5.16,117.15,26
Vlacq,-53.39,38.69,89
Vogel,-15.11,5.83,26
Volkov,-13.62,131.67,40
Volta,53.9,275.23,117
Voltaire,-11.9,100.3,0
Volterra,56.55,131.64,55
von Baeyer,-81.8,61.87,13
von Behring,-7.75,71.72,37
von Békésy,51.92,126.73,96
von Braun,41.04,281.92,61
Von der Pahlen,-24.84,226.99,53
Von Kármán,-44.45,176.25,186
Von Neumann,40.28,153.25,74
Von Zeipel,42.19,218.07,83
Voskresenskiy,27.91,271.88,49
Walker,-25.82,198.08,32
Wallace,20.26,351.25,25
Wallach,4.89,32.27,5
Walter,28.04,326.19,1
Walther,-33.25,0.62,134
Wan-Hoo (Van-Gu),-9.96,221.09,53
Wapowski,-83.08,53.79,11
Wargentin,-49.53,299.56,84
Wargo,27.68,-148.62,13
Warner,-3.98,87.35,34
Waterman,-25.7,128.18,74
Watson,-62.59,235.95,59
Watt,-49.6,48.48,66
Watts,8.84,46.31,15
W. Bond,65.41,3.52,170
Webb,-0.98,60.0,21
Weber,50.06,236.21,43
Wegener,45.21,246.19,95
Weierstrass,-1.26,77.15,31
Weigel,-58.39,320.66,34
Weinek,-27.57,37.06,32
Weird,-3.64,342.54,0
Weiss,-31.76,340.41,66
Werner,-28.03,3.29,70
Wessex Cleft,20.34,30.89,3
West,0.67,23.49,0
Wexler,-68.88,90.71,52
Weyl,15.97,239.47,122
Whewell,4.16,13.73,13
Whipple,89.14,120.02,14
White,-44.8,200.96,42
Wichmann,-7.54,321.87,9
Widmannstätten,-6.09,85.43,52
Wiechert,-84.03,164.7,40
Wiener,40.9,146.51,113
Wildt,9.02,75.83,12
Wilhelm,-43.21,339.06,100
Wilkins,-29.58,19.58,59
Williams,42.02,37.31,36
Wilsing,-20.97,204.95,66
Wilson,-69.33,317.17,66
Winkler,42.23,181.19,22
Winlock,35.4,254.08,63
Winthrop,-10.76,315.54,17
Wöhler,-38.25,31.35,28
Wolf,-22.79,343.37,25
Wollaston,30.6,313.02,9
Woltjer,44.87,200.17,44
Wood,43.66,238.17,84
Wreck,-9.07,15.46,0
Wright,-31.55,273.26,40
Wróblewski,-24.0,152.8,21
Wrottesley,-23.9,56.62,58
Wurzelbauer,-34.04,343.94,86
Wyld,-1.42,98.1,103
Xenophanes,57.49,277.99,117
Xenophon,-22.79,122.05,25
Yablochkov,60.78,127.58,101
Yakovkin,-54.42,281.07,35
Yamamoto,58.16,161.87,77
Yangel',16.96,4.69,7
Yerkes,14.6,51.7,34
Yoshi,24.56,10.99,0
Young,-41.54,50.98,71
Zach,-60.92,5.25,68
Zagut,-31.94,21.89,78
Zähringer,5.51,40.21,11
Zanstra,2.93,124.69,39
Zasyadko,3.96,94.19,10
Zeeman,-75.07,224.94,186
Zelinskiy,-28.74,166.86,53
Zeno,45.15,72.98,66
Zernike,18.34,168.4,50
Zhang Yuzhe,-69.07,222.18,38
Zhiritskiy,-24.84,120.26,33
Zhukovskiy,7.55,192.72,82
Zinner,26.64,301.14,4
Zi Wei,44.12,340.48,0
Zola,-10.8,87.0,0
Zöllner,-7.97,18.9,47
Zsigmondy,59.52,254.7,66
Zucchius,-61.38,309.35,63
Zupus,-17.18,307.63,35
Zwicky,-16.17,167.64,126